DateTime,Currency,Event,Impact,Actual,Forecast,Previous,Timezone
2025.05.01 00:00,SEK,Labor Day,None,,,,GMT
2025.05.01 00:00,CNY,Labor Day,None,,,,GMT
2025.05.01 00:00,HKD,Labor Day,None,,,,GMT
2025.05.01 00:00,SGD,Labor Day,None,,,,GMT
2025.05.01 00:00,EUR,Labor Day,None,,,,GMT
2025.05.01 00:00,EUR,Labor Day,None,,,,GMT
2025.05.01 00:00,EUR,Labor Day,None,,,,GMT
2025.05.01 00:00,EUR,Labor Day,None,,,,GMT
2025.05.01 00:00,CHF,Labor Day,None,,,,GMT
2025.05.01 00:00,NOK,Labor Day,None,,,,GMT
2025.05.01 00:00,BRL,Labor Day,None,,,,GMT
2025.05.01 00:00,ZAR,Workers’ Day,None,,,,GMT
2025.05.01 00:00,MXN,Labor Day,None,,,,GMT
2025.05.02 00:00,CNY,Labor Day,None,,,,GMT
2025.05.01 00:00,KRW,Exports y/y,Low,3.70,-6.40,3.00,GMT
2025.05.01 00:00,KRW,Imports y/y,Low,-2.70,-0.80,2.30,GMT
2025.05.01 00:00,KRW,Trade Balance,Low,4.88,0.43,4.92,GMT
2025.05.01 00:30,JPY,au Jibun Bank Manufacturing PMI,Low,48.70,48.70,48.30,GMT
2025.05.01 01:30,AUD,Exports m/m,Low,7.60,,-3.60,GMT
2025.05.01 01:30,AUD,Imports m/m,Low,-2.20,,1.60,GMT
2025.05.01 01:30,AUD,Trade Balance,Medium,6.90,3.43,2.97,GMT
2025.05.01 01:30,AUD,Export Price Index q/q,Low,2.10,0.40,3.60,GMT
2025.05.01 01:30,AUD,Import Price Index q/q,Low,3.30,0.00,0.20,GMT
2025.05.01 03:02,JPY,BoJ Monetary Policy Statement,Medium,,,,GMT
2025.05.01 03:02,JPY,BoJ Outlook Report,Medium,,,,GMT
2025.05.01 03:02,JPY,BoJ Interest Rate Decision,High,0.50,,0.50,GMT
2025.05.01 05:00,JPY,Consumer Confidence Index,Low,31.20,33.90,34.10,GMT
2025.05.01 06:30,JPY,BoJ Press Conference,High,,,,GMT
2025.05.01 06:30,AUD,RBA Index of Commodity Prices y/y,Low,-6.10,-3.90,-6.50,GMT
2025.05.01 06:30,CHF,Retail Sales y/y,Low,2.20,2.40,1.60,GMT
2025.05.01 08:30,GBP,BoE Consumer Credit m/m,Low,0.88,1.10,1.36,GMT
2025.05.01 08:30,GBP,BoE M4 Money Supply m/m,Low,0.30,0.00,0.20,GMT
2025.05.01 08:30,GBP,BoE Mortgage Approvals,Low,64.31,66.14,65.48,GMT
2025.05.01 08:30,GBP,BoE Mortgage Lending m/m,Low,12.96,3.76,3.29,GMT
2025.05.01 08:30,GBP,BoE Net Lending to Individuals m/m,Low,13.84,3.93,4.64,GMT
2025.05.01 08:30,GBP,S&P Global/CIPS Manufacturing PMI,Medium,45.40,44.00,44.00,GMT
2025.05.01 11:30,USD,Challenger Job Cuts,Low,105.44,,275.24,GMT
2025.05.01 11:30,USD,Challenger Job Cuts y/y,Low,62.70,125.30,204.80,GMT
2025.05.01 12:30,USD,Initial Jobless Claims,High,241.00,218.00,222.00,GMT
2025.05.01 12:30,USD,Continuing Jobless Claims,Medium,1.92,1.86,1.84,GMT
2025.05.01 12:30,USD,Initial Jobless Claims 4-Week Average,Low,226.00,221.25,220.25,GMT
2025.05.01 13:30,CAD,S&P Global Manufacturing PMI,Low,45.30,46.20,46.30,GMT
2025.05.01 13:45,USD,S&P Global Manufacturing PMI,High,50.20,51.00,49.80,GMT
2025.05.01 14:00,USD,ISM Manufacturing PMI,High,48.70,48.40,49.00,GMT
2025.05.01 14:00,USD,ISM Manufacturing Prices Paid,High,69.80,68.20,69.40,GMT
2025.05.01 14:00,USD,ISM Manufacturing Employment,Medium,46.50,46.40,44.70,GMT
2025.05.01 14:00,USD,ISM Manufacturing New Orders,Low,47.20,44.50,45.20,GMT
2025.05.01 14:00,USD,Construction Spending m/m,Medium,-0.50,0.00,0.70,GMT
2025.05.01 14:30,USD,EIA Natural Gas Storage Change,Low,107.00,181.00,88.00,GMT
2025.05.01 15:30,USD,4-Week Bill Auction,Low,4.24,,4.22,GMT
2025.05.01 15:30,USD,8-Week Bill Auction,Low,4.22,,4.22,GMT
2025.05.01 22:45,NZD,Building Consents m/m,Low,9.60,-3.00,0.70,GMT
2025.05.01 23:00,KRW,CPI m/m,Low,0.10,0.00,0.20,GMT
2025.05.01 23:00,KRW,CPI y/y,Low,2.10,2.10,2.10,GMT
2025.05.01 23:30,JPY,Unemployment Rate,Low,2.50,2.50,2.40,GMT
2025.05.01 23:30,JPY,Jobs to Applicants Ratio,Low,1.26,1.25,1.24,GMT
2025.05.01 23:50,JPY,BoJ Monetary Base y/y,Low,-4.80,-2.50,-3.10,GMT
2025.05.01 23:50,JPY,Foreign Bond Investment,Low,435.20,,223.70,GMT
2025.05.01 23:50,JPY,Foreign Investment in Japan Stocks,Low,278.30,,705.60,GMT
2025.05.03 00:00,JPY,Constitution Memorial Day,None,,,,GMT
2025.05.03 00:00,CNY,Labor Day,None,,,,GMT
2025.05.02 00:30,KRW,S&P Global Manufacturing PMI,Low,47.50,49.60,49.10,GMT
2025.05.02 01:30,AUD,Retail Sales m/m,Medium,0.30,0.00,0.20,GMT
2025.05.02 01:30,AUD,PPI q/q,Medium,0.90,1.60,0.80,GMT
2025.05.02 01:30,AUD,PPI y/y,Medium,3.70,3.40,3.70,GMT
2025.05.02 01:30,AUD,Retail Sales q/q,Low,0.00,0.30,1.00,GMT
2025.05.02 05:00,INR,S&P Global Manufacturing PMI,Low,58.20,59.00,58.10,GMT
2025.05.02 06:30,SEK,Silf/Swedbank Manufacturing PMI,Low,54.20,54.80,53.60,GMT
2025.05.02 06:45,EUR,Government Budget Balance,Low,-47.00,,-40.30,GMT
2025.05.02 07:00,EUR,New Car Registrations m/m,Low,-9.80,,8.70,GMT
2025.05.02 07:00,EUR,New Car Registrations y/y,Low,-5.60,,-14.50,GMT
2025.05.02 07:15,EUR,S&P Global Manufacturing PMI,Medium,48.10,50.50,49.50,GMT
2025.05.02 07:30,CHF,procure.ch Manufacturing PMI,Medium,45.80,49.30,48.90,GMT
2025.05.02 07:45,EUR,S&P Global Manufacturing PMI,Medium,49.30,45.20,46.60,GMT
2025.05.02 07:50,EUR,S&P Global Manufacturing PMI,Medium,48.70,48.20,48.20,GMT
2025.05.02 07:55,EUR,S&P Global Manufacturing PMI,Medium,48.40,48.00,48.00,GMT
2025.05.02 08:00,NOK,NAV Unemployment Rate n.s.a.,Low,2.00,2.00,2.10,GMT
2025.05.02 08:00,NOK,DNB/NIMA Manufacturing PMI,Low,46.10,49.10,51.00,GMT
2025.05.02 08:00,EUR,Unemployment Rate,Low,6.00,5.40,5.90,GMT
2025.05.02 08:00,EUR,ECB Economic Bulletin,Medium,,,,GMT
2025.05.02 08:00,EUR,S&P Global Manufacturing PMI,Medium,49.00,48.70,48.70,GMT
2025.05.02 08:30,HKD,GDP q/q,Low,2.00,0.30,0.80,GMT
2025.05.02 08:30,HKD,GDP y/y,Low,3.10,0.30,2.40,GMT
2025.05.02 08:30,HKD,Retail Sales y/y,Low,-3.50,-10.70,-13.00,GMT
2025.05.02 09:00,EUR,Trade Balance Non-EU,Low,5.96,,4.71,GMT
2025.05.02 09:00,ZAR,Absa Manufacturing PMI,Low,44.70,48.30,48.70,GMT
2025.05.02 09:00,EUR,Core CPI m/m,Low,1.00,0.40,1.00,GMT
2025.05.02 09:00,EUR,CPI m/m,Medium,0.60,0.80,0.60,GMT
2025.05.02 09:00,EUR,Core CPI y/y,Medium,2.70,2.30,2.40,GMT
2025.05.02 09:00,EUR,CPI y/y,High,2.20,2.30,2.20,GMT
2025.05.02 09:00,EUR,Unemployment Rate,Medium,6.20,6.20,6.10,GMT
2025.05.02 09:00,EUR,CPI excl. Energy and Unprocessed Food m/m,Low,0.90,1.20,0.80,GMT
2025.05.02 09:00,EUR,CPI excl. Energy and Unprocessed Food y/y,Low,2.70,2.50,2.50,GMT
2025.05.02 09:00,EUR,CPI,Low,128.76,,128.04,GMT
2025.05.02 09:00,EUR,Core CPI,Medium,122.19,,120.99,GMT
2025.05.02 11:30,INR,Bank Loan Growth y/y,Low,10.30,11.00,11.00,GMT
2025.05.02 11:30,INR,Deposit Growth y/y,Low,10.20,10.50,10.10,GMT
2025.05.02 11:30,INR,Foreign Exchange Reserves,Low,688.13,686.39,686.14,GMT
2025.05.02 12:00,ZAR,Total New Vehicle Sales,Low,42.40,,49.49,GMT
2025.05.02 12:00,ZAR,Total New Vehicle Sales m/m,Low,-14.30,,3.20,GMT
2025.05.02 12:00,ZAR,Total New Vehicle Sales y/y,Low,11.90,6.60,12.50,GMT
2025.05.02 12:30,USD,Unemployment Rate,High,4.20,4.40,4.20,GMT
2025.05.02 12:30,USD,Nonfarm Payrolls,High,177.00,126.00,228.00,GMT
2025.05.02 12:30,USD,Participation Rate,Medium,62.60,62.80,62.50,GMT
2025.05.02 12:30,USD,Average Hourly Earnings m/m,High,0.20,0.40,0.30,GMT
2025.05.02 12:30,USD,Average Hourly Earnings y/y,Medium,3.80,4.00,3.80,GMT
2025.05.02 12:30,USD,Average Weekly Hours,Low,34.30,34.20,34.20,GMT
2025.05.02 12:30,USD,Government Payrolls,Low,10.00,13.00,19.00,GMT
2025.05.02 12:30,USD,Private Nonfarm Payrolls,Medium,167.00,147.00,209.00,GMT
2025.05.02 12:30,USD,U6 Unemployment Rate,Medium,7.80,7.50,7.90,GMT
2025.05.02 12:30,USD,Manufacturing Payrolls,Low,-1.00,1.00,1.00,GMT
2025.05.02 13:00,SGD,SIPMM PMI,Low,49.60,50.60,50.60,GMT
2025.05.02 13:00,BRL,S&P Global Manufacturing PMI,Low,50.30,50.80,51.80,GMT
2025.05.02 14:00,USD,Factory Orders m/m,Medium,4.30,0.80,0.60,GMT
2025.05.02 14:00,USD,Factory Orders excl. Transportation m/m,Low,-0.20,0.20,0.40,GMT
2025.05.02 14:00,USD,Nondefense Capital Goods Shipments excl. Aircraft m/m,Low,0.20,0.30,0.30,GMT
2025.05.02 15:00,MXN,S&P Global Manufacturing PMI,Low,44.80,47.50,46.50,GMT
2025.05.02 16:00,EUR,New Car Registrations m/m,Low,-19.20,,24.90,GMT
2025.05.02 16:00,EUR,New Car Registrations y/y,Low,2.70,,6.20,GMT
2025.05.02 17:00,USD,Baker Hughes US Oil Rig Count,Medium,479.00,,483.00,GMT
2025.05.02 17:00,USD,Baker Hughes US Total Rig Count,Medium,584.00,,587.00,GMT
2025.05.02 19:30,AUD,CFTC AUD Non-Commercial Net Positions,Medium,-49.90,,-54.60,GMT
2025.05.02 19:30,BRL,CFTC BRL Non-Commercial Net Positions,Medium,68.30,,49.90,GMT
2025.05.02 19:30,CAD,CFTC CAD Non-Commercial Net Positions,Low,-67.20,,-67.20,GMT
2025.05.02 19:30,JPY,CFTC JPY Non-Commercial Net Positions,Medium,179.20,,177.80,GMT
2025.05.02 19:30,MXN,CFTC MXN Non-Commercial Net Positions,Low,59.50,,41.20,GMT
2025.05.02 19:30,NZD,CFTC NZD Non-Commercial Net Positions,Low,-21.50,,-26.90,GMT
2025.05.02 19:30,ZAR,CFTC ZAR Non-Commercial Net Positions,Low,5.90,,6.10,GMT
2025.05.02 19:30,CHF,CFTC CHF Non-Commercial Net Positions,Low,-24.30,,-25.50,GMT
2025.05.02 19:30,GBP,CFTC GBP Non-Commercial Net Positions,Medium,24.00,,20.50,GMT
2025.05.02 19:30,USD,CFTC Copper Non-Commercial Net Positions,Low,19.40,,24.80,GMT
2025.05.02 19:30,USD,CFTC Silver Non-Commercial Net Positions,Low,49.90,,44.70,GMT
2025.05.02 19:30,USD,CFTC Gold Non-Commercial Net Positions,Medium,163.30,,175.40,GMT
2025.05.02 19:30,USD,CFTC Crude Oil Non-Commercial Net Positions,Medium,177.20,,171.00,GMT
2025.05.02 19:30,USD,CFTC S&P 500 Non-Commercial Net Positions,Medium,-78.70,,-75.90,GMT
2025.05.02 19:30,USD,CFTC Aluminium Non-Commercial Net Positions,Low,-0.30,,0.70,GMT
2025.05.02 19:30,USD,CFTC Corn Non-Commercial Net Positions,Low,175.40,,219.80,GMT
2025.05.02 19:30,USD,CFTC Natural Gas Non-Commercial Net Positions,Low,-112.40,,-104.10,GMT
2025.05.02 19:30,USD,CFTC Soybeans Non-Commercial Net Positions,Low,59.50,,55.70,GMT
2025.05.02 19:30,USD,CFTC Wheat Non-Commercial Net Positions,Low,-116.80,,-94.00,GMT
2025.05.02 19:30,USD,CFTC Nasdaq 100 Non-Commercial Net Positions,Medium,30.90,,37.70,GMT
2025.05.02 19:30,EUR,CFTC EUR Non-Commercial Net Positions,Medium,75.80,,65.00,GMT
2025.05.04 00:00,JPY,Greenery Day,None,,,,GMT
2025.05.04 00:00,CNY,Labor Day,None,,,,GMT
2025.05.03 16:50,USD,Fed Governor Cook Speech,Medium,,,,GMT
2025.05.05 00:00,GBP,Early May Bank Holiday,None,,,,GMT
2025.05.05 00:00,JPY,Children's Day,None,,,,GMT
2025.05.05 00:00,KRW,Children's Day,None,,,,GMT
2025.05.05 00:00,KRW,Buddha's Birthday,None,,,,GMT
2025.05.05 00:00,HKD,The Birthday of the Buddha,None,,,,GMT
2025.05.05 00:00,CNY,Labor Day,None,,,,GMT
2025.05.05 00:00,MXN,Anniversary of the Battle of Puebla,None,,,,GMT
2025.05.04 23:00,AUD,S&P Global Services PMI,Medium,51.00,51.20,51.60,GMT
2025.05.04 23:00,AUD,S&P Global Composite PMI,Medium,51.00,,51.60,GMT
2025.05.06 00:00,JPY,Greenery Day,None,,,,GMT
2025.05.05 01:30,AUD,ANZ Job Advertisements m/m,Low,0.50,0.30,0.40,GMT
2025.05.05 05:00,SGD,Retail Sales m/m,Low,-2.80,-0.10,3.00,GMT
2025.05.05 05:00,SGD,Retail Sales y/y,Low,1.10,0.60,-3.60,GMT
2025.05.05 06:30,CHF,CPI m/m,Medium,0.00,0.10,0.00,GMT
2025.05.05 06:30,CHF,CPI y/y,Low,0.00,0.10,0.30,GMT
2025.05.05 08:00,BRL,FIPE CPI m/m,Medium,0.45,0.28,0.62,GMT
2025.05.05 08:30,EUR,Sentix Investor Confidence,Low,-19.30,-6.70,-19.50,GMT
2025.05.05 11:30,BRL,BCB Focus Market Report,Medium,,,,GMT
2025.05.05 12:50,EUR,3-Month BTF Auction,Low,2.07,,2.08,GMT
2025.05.05 12:50,EUR,6-Month BTF Auction,Low,1.98,,2.02,GMT
2025.05.05 12:50,EUR,12-Month BTF Auction,Low,1.90,,1.91,GMT
2025.05.05 13:45,USD,S&P Global Services PMI,High,50.80,52.10,54.40,GMT
2025.05.05 13:45,USD,S&P Global Composite PMI,Medium,51.20,52.20,53.50,GMT
2025.05.05 14:00,USD,ISM Non-Manufacturing PMI,High,51.60,52.60,50.80,GMT
2025.05.05 14:00,USD,ISM Non-Manufacturing Employment,Medium,49.00,47.70,46.20,GMT
2025.05.05 14:00,USD,ISM Non-Manufacturing New Orders,Low,52.30,51.30,50.40,GMT
2025.05.05 14:00,USD,ISM Non-Manufacturing Prices Paid,High,65.10,62.90,60.90,GMT
2025.05.05 14:00,USD,ISM Non-Manufacturing Business Activity,Low,53.70,55.30,55.90,GMT
2025.05.05 14:00,USD,CB Employment Trends Index,Low,107.57,108.67,109.03,GMT
2025.05.05 15:00,EUR,Bbk Executive Board Member Mauderer Speech,Medium,,,,GMT
2025.05.05 15:30,USD,3-Month Bill Auction,Low,4.22,,4.20,GMT
2025.05.05 15:30,USD,6-Month Bill Auction,Low,4.09,,4.07,GMT
2025.05.05 17:00,USD,3-Year Note Auction,Medium,3.82,,3.78,GMT
2025.05.06 00:30,SGD,S&P Global PMI,Low,52.80,,52.70,GMT
2025.05.06 01:00,NZD,ANZ Commodity Price Index m/m,Low,0.00,-0.40,-0.40,GMT
2025.05.06 01:30,AUD,Building Approvals m/m,Medium,-8.80,0.70,-0.30,GMT
2025.05.06 01:30,AUD,Private House Approvals m/m,Low,-4.50,,1.00,GMT
2025.05.06 01:45,CNY,Caixin Services PMI,Medium,50.70,51.60,51.90,GMT
2025.05.06 01:45,CNY,Caixin Composite PMI,Medium,51.10,,51.80,GMT
2025.05.06 05:00,INR,S&P Global Services PMI,Low,58.70,60.20,58.50,GMT
2025.05.06 05:00,INR,S&P Global Composite PMI,Medium,59.70,,59.50,GMT
2025.05.06 05:45,CHF,Unemployment Rate,Low,2.80,2.80,2.80,GMT
2025.05.06 05:45,CHF,Unemployment Rate n.s.a.,Low,2.80,2.80,2.90,GMT
2025.05.06 06:45,EUR,Industrial Production m/m,Low,1.00,-0.70,0.70,GMT
2025.05.06 07:00,EUR,Unemployment Change,Medium,-67.42,-30.16,-13.31,GMT
2025.05.06 07:15,ZAR,S&P Global PMI,Low,50.00,48.40,48.30,GMT
2025.05.06 07:15,EUR,S&P Global Services PMI,Medium,53.40,56.00,54.70,GMT
2025.05.06 07:15,EUR,S&P Global Composite PMI,Medium,52.50,,54.00,GMT
2025.05.06 07:45,EUR,S&P Global Services PMI,Medium,52.90,52.60,52.00,GMT
2025.05.06 07:45,EUR,S&P Global Composite PMI,Low,52.10,,50.50,GMT
2025.05.06 07:50,EUR,S&P Global Services PMI,Medium,47.30,46.80,46.80,GMT
2025.05.06 07:50,EUR,S&P Global Composite PMI,Low,47.80,47.30,47.30,GMT
2025.05.06 07:55,EUR,S&P Global Services PMI,Medium,49.00,48.80,48.80,GMT
2025.05.06 07:55,EUR,S&P Global Composite PMI,Low,49.00,49.70,49.70,GMT
2025.05.06 08:00,GBP,New Car Registrations m/m,Low,-66.30,,324.80,GMT
2025.05.06 08:00,GBP,New Car Registrations y/y,Low,-10.40,,12.40,GMT
2025.05.06 08:00,EUR,S&P Global Services PMI,Medium,50.10,49.70,49.70,GMT
2025.05.06 08:00,EUR,S&P Global Composite PMI,Medium,50.40,50.10,50.10,GMT
2025.05.06 08:30,GBP,S&P Global/CIPS Services PMI,Medium,49.00,48.90,48.90,GMT
2025.05.06 08:30,GBP,S&P Global/CIPS Composite PMI,Medium,48.50,,48.20,GMT
2025.05.06 09:00,EUR,PPI m/m,Low,-1.60,0.60,0.20,GMT
2025.05.06 09:00,EUR,PPI y/y,Low,1.90,3.30,3.00,GMT
2025.05.06 09:24,EUR,6-Month Letras Auction,Low,1.94,,2.12,GMT
2025.05.06 09:24,EUR,12-Month Letras Auction,Low,1.89,,2.01,GMT
2025.05.06 09:41,EUR,5-Year Note Auction,Low,2.07,,2.06,GMT
2025.05.06 10:00,EUR,New Car Registrations m/m,Low,-4.20,,24.60,GMT
2025.05.06 10:00,EUR,New Car Registrations y/y,Low,-0.20,,-3.90,GMT
2025.05.06 12:00,MXN,Gross Fixed Investments m/m,Low,0.10,0.50,-1.50,GMT
2025.05.06 12:00,MXN,Gross Fixed Investments n.s.a. y/y,Low,-6.00,-6.70,-5.90,GMT
2025.05.06 12:30,USD,Trade Balance,Medium,-140.50,-145.15,-122.66,GMT
2025.05.06 12:30,USD,Exports,Medium,278.46,,278.46,GMT
2025.05.06 12:30,USD,Imports,Medium,418.95,,401.12,GMT
2025.05.06 12:30,CAD,Imports,Low,70.40,,71.63,GMT
2025.05.06 12:30,CAD,Exports,Low,69.89,,70.11,GMT
2025.05.06 12:30,CAD,Trade Balance,Medium,-0.51,-0.30,-1.52,GMT
2025.05.06 13:00,BRL,S&P Global Services PMI,Low,48.90,53.70,52.50,GMT
2025.05.06 13:00,BRL,S&P Global Composite PMI,Low,49.40,50.60,52.60,GMT
2025.05.06 14:00,CAD,Ivey PMI,Medium,47.90,51.80,51.30,GMT
2025.05.06 14:00,CAD,Ivey PMI n.s.a.,Medium,52.30,,55.60,GMT
2025.05.06 15:34,NZD,GDT Price Index,Low,4.60,1.20,1.60,GMT
2025.05.06 16:00,USD,EIA Short-Term Energy Outlook,Medium,,,,GMT
2025.05.06 16:00,SGD,Foreign Exchange Reserves,Low,389.23,390.39,381.07,GMT
2025.05.06 17:00,USD,10-Year Note Auction,High,4.34,,4.43,GMT
2025.05.06 21:00,NZD,RBNZ Financial Stability Report,Medium,,,,GMT
2025.05.06 21:00,KRW,Foreign Exchange Reserves,Low,,412.87,409.66,GMT
2025.05.06 22:45,NZD,Unemployment Rate,Low,5.10,5.30,5.10,GMT
2025.05.06 22:45,NZD,Participation Rate,Low,70.80,70.70,71.00,GMT
2025.05.06 22:45,NZD,Employment Change q/q,High,0.10,-0.60,-0.10,GMT
2025.05.06 22:45,NZD,Labor Cost Index q/q,Low,0.40,0.60,0.60,GMT
2025.05.06 22:45,NZD,Labor Cost Index y/y,Low,2.50,2.70,2.90,GMT
2025.05.06 23:00,NZD,RBNZ Governor Orr Speech,High,,,,GMT
2025.05.06 23:00,AUD,Ai Group Industry Index,Medium,-15.00,,-22.20,GMT
2025.05.06 23:00,AUD,Ai Group Manufacturing Index,Low,-26.50,,-29.70,GMT
2025.05.06 23:00,AUD,Ai Group Construction Index,Low,-7.90,,-19.30,GMT
2025.05.08 00:00,EUR,Victory Day,None,,,,GMT
2025.05.07 00:30,HKD,S&P Global PMI,Low,48.30,49.50,48.30,GMT
2025.05.07 00:30,JPY,au Jibun Bank Services PMI,Medium,52.40,52.40,50.00,GMT
2025.05.07 00:30,JPY,au Jibun Bank Composite PMI,Low,51.10,,48.90,GMT
2025.05.07 06:00,EUR,Factory Orders m/m,Medium,3.60,3.90,0.00,GMT
2025.05.07 06:00,EUR,Factory Orders y/y,Medium,3.80,-1.70,-0.20,GMT
2025.05.07 06:45,EUR,Exports,Low,52.55,,49.67,GMT
2025.05.07 06:45,EUR,Imports,Low,58.80,,57.54,GMT
2025.05.07 06:45,EUR,Trade Balance,Low,-6.25,-6.38,-7.87,GMT
2025.05.07 06:45,EUR,Nonfarm Payrolls q/q,Low,0.00,0.00,-0.30,GMT
2025.05.07 07:00,CHF,Foreign Currency Reserves,Low,702.89,,725.62,GMT
2025.05.07 07:30,EUR,S&P Global Construction PMI,Low,43.60,,43.80,GMT
2025.05.07 07:30,EUR,S&P Global Construction PMI,Low,45.10,,40.30,GMT
2025.05.07 07:30,EUR,S&P Global Construction PMI,Low,50.10,,52.40,GMT
2025.05.07 07:30,EUR,S&P Global Construction PMI,Medium,46.00,,44.80,GMT
2025.05.07 08:00,EUR,Retail Sales m/m,Low,-0.50,0.10,0.10,GMT
2025.05.07 08:00,EUR,Retail Sales y/y,Low,-2.80,0.70,-1.50,GMT
2025.05.07 08:30,CNY,Foreign Exchange Reserves,Low,3.28,3.21,3.24,GMT
2025.05.07 08:30,GBP,S&P Global/CIPS Construction PMI,Medium,46.60,43.40,46.40,GMT
2025.05.07 08:50,EUR,10-Year OAT Auction,Low,,,3.37,GMT
2025.05.07 09:00,EUR,Retail Sales m/m,Low,-0.10,0.00,0.30,GMT
2025.05.07 09:00,EUR,Retail Sales y/y,Low,1.50,1.90,2.30,GMT
2025.05.07 09:30,GBP,5-Year Treasury Gilt Auction,Low,3.98,,4.14,GMT
2025.05.07 12:00,BRL,Industrial Production m/m,Low,1.20,0.30,-0.10,GMT
2025.05.07 12:00,BRL,Industrial Production y/y,Medium,3.10,2.40,1.50,GMT
2025.05.07 14:30,USD,EIA Crude Oil Stocks Change,High,-2.03,2.00,-2.70,GMT
2025.05.07 14:30,USD,EIA Cushing Crude Oil Stocks Change,Medium,-0.74,-1.51,0.68,GMT
2025.05.07 14:30,USD,EIA Crude Oil Imports Change,Low,0.67,1.29,-0.66,GMT
2025.05.07 14:30,USD,EIA Distillate Fuel Production Change,Low,0.04,-0.04,-0.02,GMT
2025.05.07 14:30,USD,EIA Distillates Stocks Change,Low,-1.11,-0.39,0.94,GMT
2025.05.07 14:30,USD,EIA Gasoline Production Change,Low,0.25,-0.21,-0.62,GMT
2025.05.07 14:30,USD,EIA Heating Oil Stocks Change,Low,0.12,-0.06,0.25,GMT
2025.05.07 14:30,USD,EIA Gasoline Stocks Change,Low,0.19,-2.03,-4.00,GMT
2025.05.07 14:30,USD,EIA Refinery Crude Oil Daily Inputs Change,Low,-0.01,,0.19,GMT
2025.05.07 14:30,USD,EIA Refinery Utilization Rate Change,Low,0.40,,0.50,GMT
2025.05.07 17:30,BRL,Foreign Exchange Flows,Low,4.74,-0.43,0.11,GMT
2025.05.07 18:00,USD,FOMC Statement,Medium,,,,GMT
2025.05.07 18:00,USD,Fed Interest Rate Decision,High,4.50,,4.50,GMT
2025.05.07 18:00,BRL,Trade Balance,Low,8.15,5.24,8.15,GMT
2025.05.07 18:30,USD,FOMC Press Conference,High,,,,GMT
2025.05.07 19:00,USD,Fed Consumer Credit m/m,Medium,10.17,13.26,-0.81,GMT
2025.05.07 21:00,BRL,BCB Interest Rate Decision,Medium,14.75,,14.25,GMT
2025.05.07 23:01,GBP,RICS House Price Balance,Medium,-39.00,-2.90,2.00,GMT
2025.05.07 23:50,JPY,BoJ Monetary Policy Meeting Minutes,Medium,,,,GMT
2025.05.08 03:35,JPY,10-Year JGB Auction,Medium,1.27,,1.41,GMT
2025.05.08 06:00,GBP,Halifax HPI m/m,Medium,,0.20,-0.50,GMT
2025.05.08 06:00,GBP,Halifax HPI y/y,Medium,,3.60,2.80,GMT
2025.05.08 06:00,NOK,Manufacturing Production m/m,Low,0.00,-2.40,1.40,GMT
2025.05.08 06:00,NOK,Manufacturing Production y/y,Low,0.10,2.80,6.10,GMT
2025.05.08 06:00,NOK,Industrial Production m/m,Low,-0.30,-1.30,1.60,GMT
2025.05.08 06:00,NOK,Industrial Production y/y,Low,-3.20,-5.90,0.00,GMT
2025.05.08 06:00,ZAR,Gross International Reserves,Low,67.58,66.75,67.45,GMT
2025.05.08 06:00,ZAR,Net International Reserves,Low,64.32,64.05,63.17,GMT
2025.05.08 06:00,EUR,Exports m/m,Low,1.10,-0.60,1.80,GMT
2025.05.08 06:00,EUR,Imports m/m,Low,-1.40,2.60,0.70,GMT
2025.05.08 06:00,EUR,Trade Balance,Medium,21.10,17.20,17.80,GMT
2025.05.08 06:00,EUR,Industrial Production m/m,Medium,3.00,2.70,-1.30,GMT
2025.05.08 06:00,EUR,Industrial Production y/y,Low,-0.20,-2.00,-4.00,GMT
2025.05.08 06:00,EUR,Trade Balance n.s.a.,Low,23.30,15.50,18.40,GMT
2025.05.08 07:00,EUR,Industrial Production y/y,Low,1.00,0.00,-1.90,GMT
2025.05.08 08:00,NOK,Norges Bank Interest Rate Decision,Medium,4.50,,4.50,GMT
2025.05.08 08:30,HKD,Foreign Exchange Reserves,Low,408.70,407.10,413.10,GMT
2025.05.08 09:40,EUR,Bbk Executive Board Member Balz Speech,Medium,,,,GMT
2025.05.08 09:54,EUR,3-Year Bonos Auction,Low,2.09,,2.29,GMT
2025.05.08 09:54,EUR,5-Year Bonos Auction,Low,2.38,,2.68,GMT
2025.05.08 09:57,EUR,30-Year Obligacion Auction,Low,3.97,,3.69,GMT
2025.05.08 11:00,GBP,BoE MPC Meeting Minutes,Medium,,,,GMT
2025.05.08 11:00,GBP,BoE Interest Rate Decision,High,4.25,,4.50,GMT
2025.05.08 11:00,GBP,BoE MPC Vote Cut,Medium,7.00,,1.00,GMT
2025.05.08 11:00,GBP,BoE MPC Vote Hike,Medium,0.00,,0.00,GMT
2025.05.08 11:00,GBP,BoE MPC Vote Unchanged,Medium,2.00,,8.00,GMT
2025.05.08 11:00,ZAR,Manufacturing Production m/m,Low,-2.20,-0.80,0.30,GMT
2025.05.08 11:00,ZAR,Manufacturing Production y/y,Low,-0.80,-0.70,-3.20,GMT
2025.05.08 11:00,BRL,FGV IGP-DI Inflation Index m/m,Low,0.30,0.47,-0.50,GMT
2025.05.08 11:02,GBP,BoE Monetary Policy Report,Medium,,,,GMT
2025.05.08 12:00,MXN,CPI m/m,Medium,0.33,0.31,0.31,GMT
2025.05.08 12:00,MXN,CPI y/y,Medium,3.93,3.43,3.80,GMT
2025.05.08 12:00,MXN,Core CPI m/m,Low,0.49,0.25,0.43,GMT
2025.05.08 12:00,BRL,PPI m/m,Low,-0.62,0.79,-0.12,GMT
2025.05.08 12:00,BRL,PPI y/y,Low,8.37,8.30,9.41,GMT
2025.05.08 12:30,USD,Nonfarm Productivity q/q,Medium,-0.80,0.20,1.50,GMT
2025.05.08 12:30,USD,Unit Labor Costs q/q,Medium,5.70,3.30,2.20,GMT
2025.05.08 12:30,USD,Initial Jobless Claims,High,228.00,234.00,241.00,GMT
2025.05.08 12:30,USD,Continuing Jobless Claims,Medium,1.88,1.88,1.92,GMT
2025.05.08 12:30,USD,Initial Jobless Claims 4-Week Average,Low,227.00,227.22,226.00,GMT
2025.05.08 13:00,EUR,ECB Supervisory Board Member Tuominen Speech,Medium,,,,GMT
2025.05.08 13:17,GBP,BoE Governor Bailey Speech,High,,,,GMT
2025.05.08 13:53,BRL,ANFAVEA Auto Production m/m,Low,20.10,-1.20,-12.60,GMT
2025.05.08 13:53,BRL,ANFAVEA Auto Sales m/m,Low,6.70,0.50,5.70,GMT
2025.05.08 14:00,USD,Wholesale Inventories m/m,Low,0.40,0.50,0.50,GMT
2025.05.08 14:00,USD,Wholesale Sales m/m,Low,0.60,0.80,2.40,GMT
2025.05.08 14:30,USD,EIA Natural Gas Storage Change,Low,104.00,147.00,107.00,GMT
2025.05.08 15:30,USD,4-Week Bill Auction,Low,4.22,,4.24,GMT
2025.05.08 15:30,USD,8-Week Bill Auction,Low,4.22,,4.22,GMT
2025.05.08 17:00,USD,30-Year Bond Auction,High,4.82,,4.81,GMT
2025.05.08 23:00,KRW,Current Account,Low,9.14,10.03,7.18,GMT
2025.05.08 23:30,JPY,Labor Cash Earnings y/y,Low,2.10,2.90,3.10,GMT
2025.05.08 23:30,JPY,Overtime Pay y/y,Low,-1.10,0.10,2.20,GMT
2025.05.08 23:30,JPY,Real Wage y/y,Low,-2.10,-1.20,-1.20,GMT
2025.05.08 23:30,JPY,Household Spending y/y,Medium,2.10,0.10,-0.50,GMT
2025.05.08 23:30,JPY,Household Spending m/m,Medium,0.40,-0.50,3.50,GMT
2025.05.08 23:50,JPY,International Reserves,Low,1298.20,,1272.50,GMT
2025.05.09 05:00,JPY,Coincident Index,Low,116.00,116.80,117.30,GMT
2025.05.09 05:00,JPY,Leading Index,Low,107.70,108.20,107.90,GMT
2025.05.09 05:00,JPY,Coincident Index m/m,Low,-1.30,,0.90,GMT
2025.05.09 05:00,JPY,Leading Index m/m,Low,-0.50,,-0.30,GMT
2025.05.09 06:00,NOK,CPI m/m,Low,0.70,-0.50,-0.70,GMT
2025.05.09 06:00,NOK,CPI y/y,Low,2.50,2.70,2.60,GMT
2025.05.09 06:00,NOK,Core CPI m/m,Low,0.50,0.70,0.20,GMT
2025.05.09 06:00,NOK,Core CPI y/y,Low,3.00,3.70,3.40,GMT
2025.05.09 06:00,NOK,PPI m/m,Low,-5.40,,-7.10,GMT
2025.05.09 06:00,NOK,PPI y/y,Low,2.10,6.80,11.50,GMT
2025.05.09 06:00,SEK,Industrial Production m/m,Low,-1.60,-1.90,0.40,GMT
2025.05.09 06:00,SEK,Industrial Production y/y,Low,-3.40,-0.30,-0.70,GMT
2025.05.09 06:00,SEK,Industrial New Orders m/m,Low,2.40,18.90,16.90,GMT
2025.05.09 06:00,SEK,Industrial New Orders y/y,Low,10.70,3.10,2.50,GMT
2025.05.09 06:00,SEK,Household Consumption m/m,Low,-0.40,,1.10,GMT
2025.05.09 06:00,SEK,Household Consumption y/y,Low,1.80,,2.30,GMT
2025.05.09 06:00,SEK,Private Sector Production m/m,Low,-0.50,,-0.20,GMT
2025.05.09 06:00,SEK,Private Sector Production y/y,Low,-0.20,,1.10,GMT
2025.05.09 07:00,CHF,Consumer Climate,Low,,-22.00,-29.00,GMT
2025.05.09 08:00,EUR,Industrial Production m/m,Low,0.10,-0.10,-0.90,GMT
2025.05.09 08:00,EUR,Industrial Production y/y,Low,-1.80,-1.60,-2.70,GMT
2025.05.09 08:40,GBP,BoE Governor Bailey Speech,High,,,,GMT
2025.05.09 09:47,EUR,12-Month BOT Auction,Low,1.96,,2.12,GMT
2025.05.09 09:55,USD,Fed Vice Chair for Supervision Barr Speech,Medium,,,,GMT
2025.05.09 11:15,GBP,BoE MPC Member Pill Speech,Medium,,,,GMT
2025.05.09 11:30,INR,Foreign Exchange Reserves,Low,686.06,691.11,688.13,GMT
2025.05.09 12:00,MXN,Consumer Confidence Indicator,Low,45.30,47.80,46.00,GMT
2025.05.09 12:00,MXN,Consumer Confidence Indicator n.s.a.,Low,45.50,,46.10,GMT
2025.05.09 12:00,BRL,CPI m/m,Low,0.43,0.38,0.56,GMT
2025.05.09 12:00,BRL,CPI y/y,Medium,5.53,5.96,5.48,GMT
2025.05.09 12:00,BRL,CPI s.a. m/m,Low,0.41,,0.51,GMT
2025.05.09 12:30,CAD,Employment Change,Medium,7.40,20.20,-32.60,GMT
2025.05.09 12:30,CAD,Full-Time Employment Change,Low,31.50,,-62.00,GMT
2025.05.09 12:30,CAD,Part-Time Employment Change,Low,-24.20,,29.50,GMT
2025.05.09 12:30,CAD,Unemployment Rate,Medium,6.90,6.60,6.70,GMT
2025.05.09 12:30,CAD,Participation Rate,Low,65.30,65.10,65.20,GMT
2025.05.09 12:30,USD,FOMC Member Williams Speech,Medium,,,,GMT
2025.05.09 14:45,EUR,ECB Executive Board Member Schnabel Speech,Medium,,,,GMT
2025.05.09 15:30,USD,FOMC Member Williams Speech,Medium,,,,GMT
2025.05.09 15:30,USD,Fed Governor Waller Speech,Medium,,,,GMT
2025.05.09 17:00,USD,Baker Hughes US Oil Rig Count,Medium,474.00,,479.00,GMT
2025.05.09 17:00,USD,Baker Hughes US Total Rig Count,Medium,578.00,,584.00,GMT
2025.05.09 19:30,AUD,CFTC AUD Non-Commercial Net Positions,Medium,-48.40,,-49.90,GMT
2025.05.09 19:30,BRL,CFTC BRL Non-Commercial Net Positions,Medium,25.00,,68.30,GMT
2025.05.09 19:30,CAD,CFTC CAD Non-Commercial Net Positions,Low,-70.60,,-67.20,GMT
2025.05.09 19:30,JPY,CFTC JPY Non-Commercial Net Positions,Medium,176.90,,179.20,GMT
2025.05.09 19:30,MXN,CFTC MXN Non-Commercial Net Positions,Low,68.60,,59.50,GMT
2025.05.09 19:30,NZD,CFTC NZD Non-Commercial Net Positions,Low,-23.10,,-21.50,GMT
2025.05.09 19:30,ZAR,CFTC ZAR Non-Commercial Net Positions,Low,7.20,,5.90,GMT
2025.05.09 19:30,CHF,CFTC CHF Non-Commercial Net Positions,Low,-23.60,,-24.30,GMT
2025.05.09 19:30,GBP,CFTC GBP Non-Commercial Net Positions,Medium,29.20,,24.00,GMT
2025.05.09 19:30,USD,CFTC Copper Non-Commercial Net Positions,Low,21.70,,19.40,GMT
2025.05.09 19:30,USD,CFTC Silver Non-Commercial Net Positions,Low,49.30,,49.90,GMT
2025.05.09 19:30,USD,CFTC Gold Non-Commercial Net Positions,Medium,162.50,,163.30,GMT
2025.05.09 19:30,USD,CFTC Crude Oil Non-Commercial Net Positions,Medium,175.40,,177.20,GMT
2025.05.09 19:30,USD,CFTC S&P 500 Non-Commercial Net Positions,Medium,-76.40,,-78.70,GMT
2025.05.09 19:30,USD,CFTC Aluminium Non-Commercial Net Positions,Low,0.00,,-0.30,GMT
2025.05.09 19:30,USD,CFTC Corn Non-Commercial Net Positions,Low,115.90,,175.40,GMT
2025.05.09 19:30,USD,CFTC Natural Gas Non-Commercial Net Positions,Low,-117.20,,-112.40,GMT
2025.05.09 19:30,USD,CFTC Soybeans Non-Commercial Net Positions,Low,49.40,,59.50,GMT
2025.05.09 19:30,USD,CFTC Wheat Non-Commercial Net Positions,Low,-107.50,,-116.80,GMT
2025.05.09 19:30,USD,CFTC Nasdaq 100 Non-Commercial Net Positions,Medium,32.80,,30.90,GMT
2025.05.09 19:30,EUR,CFTC EUR Non-Commercial Net Positions,Medium,75.70,,75.80,GMT
2025.05.09 23:45,USD,Fed Governor Cook Speech,Medium,,,,GMT
2025.05.10 01:30,CNY,CPI m/m,Medium,0.10,-0.50,-0.40,GMT
2025.05.10 01:30,CNY,CPI y/y,Medium,-0.10,0.10,-0.10,GMT
2025.05.10 01:30,CNY,PPI y/y,Medium,-2.70,-2.80,-2.50,GMT
2025.05.12 00:00,SGD,Vesak Day,None,,,,GMT
2025.05.12 00:00,INR,Buddha Purnima,None,,,,GMT
2025.05.11 23:50,JPY,BoJ Bank Lending y/y,Low,2.40,2.90,2.80,GMT
2025.05.11 23:50,JPY,Current Account n.s.a.,Medium,3678.10,3586.30,4060.70,GMT
2025.05.11 23:50,JPY,Goods Trade Balance,Low,516.50,1027.30,712.90,GMT
2025.05.11 23:50,JPY,Adjusted Current Account,Medium,2723.10,2227.30,2316.80,GMT
2025.05.13 00:00,EUR,Eurogroup Meeting,Medium,,,,GMT
2025.05.12 05:00,JPY,Economy Watchers Index for Current Conditions,Low,42.60,45.70,45.10,GMT
2025.05.12 05:00,JPY,Economy Watchers Index for Future Conditions,Low,42.70,44.70,45.20,GMT
2025.05.12 11:30,BRL,BCB Focus Market Report,Medium,,,,GMT
2025.05.12 12:00,MXN,Industrial Production m/m,Low,-0.90,1.10,2.50,GMT
2025.05.12 12:00,MXN,Industrial Production n.s.a. y/y,Low,1.90,-1.60,-1.30,GMT
2025.05.12 12:50,GBP,BoE MPC Member Mann Speech,Medium,,,,GMT
2025.05.12 13:20,EUR,3-Month BTF Auction,Low,2.06,,2.07,GMT
2025.05.12 13:20,EUR,6-Month BTF Auction,Low,2.02,,1.98,GMT
2025.05.12 13:20,EUR,12-Month BTF Auction,Low,1.99,,1.90,GMT
2025.05.12 15:30,USD,3-Month Bill Auction,Low,4.30,,4.22,GMT
2025.05.12 15:30,USD,6-Month Bill Auction,Low,4.11,,4.09,GMT
2025.05.12 16:00,USD,WASDE Report,Medium,,,,GMT
2025.05.12 18:00,USD,Fed Senior Loan Officer Opinion Survey on Bank Lending Practices,Low,,,,GMT
2025.05.12 18:00,USD,Federal Budget Balance,Medium,258.40,-215.90,-160.50,GMT
2025.05.12 23:50,JPY,BoJ M2 Money Stock y/y,Low,0.50,0.60,0.80,GMT
2025.05.12 23:50,JPY,BoJ M3 Money Stock y/y,Low,0.10,,0.40,GMT
2025.05.12 23:50,JPY,BoJ L Money Stock y/y,High,2.00,3.40,3.20,GMT
2025.05.12 23:50,JPY,BoJ Summary of Opinions,Medium,,,,GMT
2025.05.13 00:30,AUD,Westpac-MI Consumer Sentiment m/m,Low,2.20,0.30,4.00,GMT
2025.05.13 03:35,JPY,30-Year JGB Auction,Low,2.94,,2.41,GMT
2025.05.13 04:30,NOK,Consumer Confidence,Low,-16.50,-4.50,-7.50,GMT
2025.05.13 09:05,EUR,ZEW Economic Sentiment Indicator,Medium,25.20,3.70,-14.00,GMT
2025.05.13 09:05,EUR,ZEW Economic Situation,Medium,-82.00,-77.80,-81.20,GMT
2025.05.13 09:05,EUR,ZEW Economic Sentiment Indicator,Medium,11.60,0.70,-18.50,GMT
2025.05.13 09:18,EUR,3-Month Letras Auction,Low,1.98,,2.10,GMT
2025.05.13 09:18,EUR,9-Month Letras Auction,Low,2.00,,1.92,GMT
2025.05.13 09:30,ZAR,Unemployment,Low,8.23,8.13,7.99,GMT
2025.05.13 09:30,ZAR,Unemployment Rate,Low,32.90,30.90,31.90,GMT
2025.05.13 09:41,EUR,2-Year Note Auction,Low,1.94,,1.67,GMT
2025.05.13 10:02,EUR,3-Year BTP Auction,Low,2.40,,2.44,GMT
2025.05.13 10:02,EUR,7-Year BTP Auction,Low,3.28,,3.30,GMT
2025.05.13 12:30,EUR,Current Account n.s.a.,Low,34.10,27.10,20.00,GMT
2025.05.13 12:30,USD,CPI m/m,High,0.20,-0.30,-0.10,GMT
2025.05.13 12:30,USD,Core CPI m/m,High,0.20,0.10,0.10,GMT
2025.05.13 12:30,USD,CPI y/y,High,2.30,2.20,2.40,GMT
2025.05.13 12:30,USD,Core CPI y/y,Medium,2.80,2.70,2.80,GMT
2025.05.13 12:30,USD,CPI n.s.a.,Low,320.80,320.46,319.80,GMT
2025.05.13 12:30,USD,Core CPI,Low,326.43,325.13,325.66,GMT
2025.05.13 12:30,USD,Real Earnings m/m,Low,-0.10,0.00,0.30,GMT
2025.05.13 12:30,USD,CPI n.s.a. m/m,Low,0.30,,0.20,GMT
2025.05.13 12:30,USD,Core CPI n.s.a. m/m,High,0.30,,0.20,GMT
2025.05.13 12:30,USD,CPI,High,320.32,319.06,319.62,GMT
2025.05.13 12:30,USD,Core CPI n.s.a.,Low,326.81,,325.93,GMT
2025.05.13 14:00,EUR,Bbk Executive Board Member Balz Speech,Medium,,,,GMT
2025.05.13 15:00,USD,Cleveland Fed Median CPI m/m,Low,0.30,0.20,0.30,GMT
2025.05.13 15:30,USD,52-Week Bill Auction,Low,3.93,,3.82,GMT
2025.05.13 16:00,USD,NFIB Small Business Optimism,Low,,97.00,97.40,GMT
2025.05.13 22:45,NZD,Electronic Card Retail Sales m/m,Medium,0.00,-0.80,-0.80,GMT
2025.05.13 22:45,NZD,Electronic Card Retail Sales y/y,Low,-0.30,-2.40,-1.60,GMT
2025.05.13 22:45,NZD,Visitor Arrivals m/m,Low,-1.90,-0.10,-3.70,GMT
2025.05.13 22:45,NZD,Net Permanent & Long-Term Migration,Low,,3.73,5.43,GMT
2025.05.13 22:45,NZD,Visitor Arrivals y/y,Low,-8.40,8.10,-2.30,GMT
2025.05.13 23:00,KRW,Unemployment Rate,Low,2.70,2.70,2.90,GMT
2025.05.13 23:50,JPY,BoJ Corporate Goods Price Index m/m,Low,0.20,0.20,0.40,GMT
2025.05.13 23:50,JPY,BoJ Corporate Goods Price Index y/y,Low,4.00,3.90,4.20,GMT
2025.05.14 01:30,AUD,Home Loans m/m,Low,-2.50,1.00,4.20,GMT
2025.05.14 01:30,AUD,Investment Housing Loans m/m,Low,-0.30,,-2.90,GMT
2025.05.14 01:30,AUD,Wage Price Index q/q,Medium,0.90,0.70,0.70,GMT
2025.05.14 01:30,AUD,Wage Price Index y/y,Low,3.40,2.80,3.20,GMT
2025.05.14 04:00,SEK,Registered Unemployment Rate,Low,6.90,7.10,7.20,GMT
2025.05.14 06:00,SEK,CPI m/m,Medium,2.30,-0.30,-0.70,GMT
2025.05.14 06:00,SEK,CPI y/y,Medium,0.20,0.70,0.50,GMT
2025.05.14 06:00,SEK,CPIF m/m,Low,0.20,0.10,-0.50,GMT
2025.05.14 06:00,SEK,CPIF y/y,Low,2.30,2.70,2.30,GMT
2025.05.14 06:00,SEK,HICP m/m,Low,0.20,,-0.60,GMT
2025.05.14 06:00,SEK,HICP y/y,Low,2.10,,2.10,GMT
2025.05.14 06:00,EUR,CPI m/m,Medium,0.40,0.40,0.40,GMT
2025.05.14 06:00,EUR,CPI y/y,Medium,2.10,2.10,2.10,GMT
2025.05.14 06:00,EUR,HICP m/m,Low,0.50,0.50,0.50,GMT
2025.05.14 06:00,EUR,HICP y/y,Low,2.20,2.20,2.20,GMT
2025.05.14 06:30,INR,WPI y/y,Medium,0.85,1.79,2.05,GMT
2025.05.14 06:30,INR,WPI Manufactured Products y/y,Low,2.62,3.49,3.07,GMT
2025.05.14 06:30,INR,WPI Food y/y,Low,-0.86,1.99,1.57,GMT
2025.05.14 06:30,INR,WPI Fuel & Energy y/y,Low,-2.18,0.29,0.20,GMT
2025.05.14 07:00,EUR,CPI m/m,Low,0.60,0.60,0.60,GMT
2025.05.14 07:00,EUR,CPI y/y,Medium,2.20,2.20,2.20,GMT
2025.05.14 07:00,EUR,HICP m/m,Low,0.60,0.60,0.60,GMT
2025.05.14 07:00,EUR,HICP y/y,Medium,2.20,2.20,2.20,GMT
2025.05.14 07:30,SEK,Riksbank Monetary Policy Meeting Minutes,Medium,,,,GMT
2025.05.14 08:15,EUR,Bbk President Nagel Speech,Medium,,,,GMT
2025.05.14 09:15,USD,Fed Governor Waller Speech,Medium,,,,GMT
2025.05.14 09:30,GBP,10-Year Treasury Gilt Auction,Low,4.67,,4.64,GMT
2025.05.14 09:46,EUR,30-Year Bond Auction,Low,3.09,,2.83,GMT
2025.05.14 11:00,ALL,OPEC Monthly Oil Market Report,Medium,,,,GMT
2025.05.14 12:00,BRL,Services Volume m/m,Low,0.30,-0.10,0.80,GMT
2025.05.14 12:00,BRL,Services Volume y/y,Low,1.90,2.70,4.20,GMT
2025.05.14 12:30,CAD,Building Permits m/m,Medium,-4.10,-14.00,2.90,GMT
2025.05.14 13:10,USD,Fed Governor Jefferson Speech,Medium,,,,GMT
2025.05.14 14:30,USD,EIA Crude Oil Stocks Change,High,3.45,-3.65,-2.03,GMT
2025.05.14 14:30,USD,EIA Cushing Crude Oil Stocks Change,Medium,-1.07,0.07,-0.74,GMT
2025.05.14 14:30,USD,EIA Crude Oil Imports Change,Low,0.42,-0.90,0.67,GMT
2025.05.14 14:30,USD,EIA Distillate Fuel Production Change,Low,-0.07,0.00,0.04,GMT
2025.05.14 14:30,USD,EIA Distillates Stocks Change,Low,-3.15,-0.17,-1.11,GMT
2025.05.14 14:30,USD,EIA Gasoline Production Change,Low,-0.33,-0.22,0.25,GMT
2025.05.14 14:30,USD,EIA Heating Oil Stocks Change,Low,0.29,-0.02,0.12,GMT
2025.05.14 14:30,USD,EIA Gasoline Stocks Change,Low,-1.02,-3.00,0.19,GMT
2025.05.14 14:30,USD,EIA Refinery Crude Oil Daily Inputs Change,Low,0.33,,-0.01,GMT
2025.05.14 14:30,USD,EIA Refinery Utilization Rate Change,Low,1.20,,0.40,GMT
2025.05.14 16:00,EUR,Bbk Executive Board Member Balz Speech,Medium,,,,GMT
2025.05.14 17:30,BRL,Foreign Exchange Flows,Low,0.96,0.92,4.74,GMT
2025.05.14 22:45,NZD,Food Price Index m/m,Low,0.80,-0.10,0.50,GMT
2025.05.14 23:50,JPY,Foreign Bond Investment,Low,1923.20,,435.20,GMT
2025.05.14 23:50,JPY,Foreign Investment in Japan Stocks,Low,439.00,,278.30,GMT
2025.05.15 01:00,AUD,MI Inflation Expectations,Low,,3.70,4.20,GMT
2025.05.15 01:00,CNY,PBC New Loans,Medium,0.28,2.63,3.64,GMT
2025.05.15 01:00,CNY,PBC M2 Money Stock y/y,Low,8.00,7.10,7.00,GMT
2025.05.15 01:00,CNY,PBC Outstanding Loan Growth y/y,Low,7.20,7.20,7.40,GMT
2025.05.15 01:30,AUD,Employment Change,Medium,89.00,36.50,32.20,GMT
2025.05.15 01:30,AUD,Full-Time Employment Change,Medium,59.50,,15.00,GMT
2025.05.15 01:30,AUD,Participation Rate,Low,67.10,66.70,66.80,GMT
2025.05.15 01:30,AUD,Unemployment Rate,Medium,4.10,4.00,4.10,GMT
2025.05.15 02:00,KRW,Exports y/y,Low,3.70,3.70,3.70,GMT
2025.05.15 02:00,KRW,Imports y/y,Low,-2.70,-2.70,-2.70,GMT
2025.05.15 02:00,KRW,Trade Balance,Low,4.88,4.88,4.88,GMT
2025.05.15 03:00,KRW,BOK M2 Money Supply y/y,Low,4.90,4.50,5.60,GMT
2025.05.15 06:00,NOK,GDP q/q,Low,-0.10,-0.20,-0.60,GMT
2025.05.15 06:00,NOK,GDP y/y,Low,-0.40,1.60,-0.30,GMT
2025.05.15 06:00,NOK,GDP Mainland q/q,Low,1.00,-0.10,-0.40,GMT
2025.05.15 06:00,NOK,Goods Trade Balance,Low,55.87,81.79,60.23,GMT
2025.05.15 06:00,NOK,Household Consumption m/m,Low,0.50,,1.50,GMT
2025.05.15 06:00,NOK,Household Consumption y/y,Low,5.50,,6.40,GMT
2025.05.15 06:00,JPY,Machine Tool Orders y/y,Low,7.70,,11.40,GMT
2025.05.15 06:00,EUR,Wholesale Price Index m/m,Low,-0.10,0.30,-0.20,GMT
2025.05.15 06:00,EUR,Wholesale Price Index y/y,Low,0.80,1.70,1.30,GMT
2025.05.15 06:00,GBP,GDP q/q,High,0.70,0.00,0.10,GMT
2025.05.15 06:00,GBP,GDP y/y,High,1.30,1.10,1.40,GMT
2025.05.15 06:30,CHF,PPI m/m,Low,0.10,0.30,0.10,GMT
2025.05.15 06:30,CHF,PPI y/y,Low,-0.50,0.00,-0.10,GMT
2025.05.15 06:45,EUR,CPI m/m,Medium,0.60,0.50,0.50,GMT
2025.05.15 06:45,EUR,CPI y/y,Low,0.80,0.80,0.80,GMT
2025.05.15 06:45,EUR,HICP m/m,Medium,0.70,0.60,0.60,GMT
2025.05.15 06:45,EUR,HICP y/y,Low,0.90,0.80,0.80,GMT
2025.05.15 07:45,EUR,ECB Executive Board Member Elderson Speech,Medium,,,,GMT
2025.05.15 08:00,ALL,IEA Monthly Oil Market Report,Medium,,,,GMT
2025.05.15 08:50,EUR,3-Year OAT Auction,Low,,,2.32,GMT
2025.05.15 08:50,EUR,5-Year OAT Auction,Low,,,2.73,GMT
2025.05.15 09:00,EUR,Employment Change q/q,Low,0.30,0.10,0.10,GMT
2025.05.15 09:00,EUR,Employment Change y/y,Low,0.80,0.80,0.60,GMT
2025.05.15 09:00,EUR,Industrial Production m/m,Medium,2.60,-1.10,1.10,GMT
2025.05.15 09:00,EUR,Industrial Production y/y,Low,3.60,0.00,1.20,GMT
2025.05.15 09:00,EUR,GDP q/q,Medium,0.30,0.40,0.40,GMT
2025.05.15 09:00,EUR,GDP y/y,Medium,1.20,1.20,1.20,GMT
2025.05.15 09:00,EUR,Employment Level,Medium,171.79,,171.17,GMT
2025.05.15 09:30,ZAR,Mining Production m/m,Low,3.50,1.00,-4.40,GMT
2025.05.15 09:30,ZAR,Mining Production y/y,Low,-2.80,-6.20,-9.60,GMT
2025.05.15 09:30,ZAR,Gold Production y/y,Low,-11.10,-4.60,-7.60,GMT
2025.05.15 10:00,EUR,Official Reserve Assets,Low,1496.92,,1510.27,GMT
2025.05.15 10:15,EUR,ECB Vice President de Guindos Speech,Medium,,,,GMT
2025.05.15 11:00,GBP,NIESR GDP Estimate,Low,,0.50,0.60,GMT
2025.05.15 11:00,INR,Trade Balance,Low,-26.42,-19.71,-21.54,GMT
2025.05.15 11:00,INR,Exports,Low,38.49,37.43,41.97,GMT
2025.05.15 11:00,INR,Imports,Low,64.91,49.22,63.51,GMT
2025.05.15 12:00,BRL,Retail Sales m/m,Medium,0.80,0.00,0.50,GMT
2025.05.15 12:00,BRL,Retail Sales y/y,Medium,-1.00,0.60,1.50,GMT
2025.05.15 12:15,CAD,CMHC Housing Starts,Medium,278.61,240.80,214.16,GMT
2025.05.15 12:30,USD,Retail Sales m/m,High,0.10,0.60,1.40,GMT
2025.05.15 12:30,USD,Core Retail Sales m/m,High,0.10,0.10,0.50,GMT
2025.05.15 12:30,USD,Retail Control m/m,Medium,-0.20,0.00,0.40,GMT
2025.05.15 12:30,USD,Retail Sales excl. Autos and Gas m/m,Low,0.20,0.20,0.80,GMT
2025.05.15 12:30,USD,Retail Sales y/y,Low,5.20,2.30,4.60,GMT
2025.05.15 12:30,USD,Philadelphia Fed Manufacturing Index,High,-4.00,6.90,-26.40,GMT
2025.05.15 12:30,USD,Philadelphia Fed Employment,Medium,16.50,7.70,0.20,GMT
2025.05.15 12:30,USD,Philadelphia Fed Business Conditions,Low,47.20,26.40,6.90,GMT
2025.05.15 12:30,USD,Philadelphia Fed Prices Paid,Low,59.80,51.00,51.00,GMT
2025.05.15 12:30,USD,Philadelphia Fed New Orders,Low,7.50,9.30,-34.20,GMT
2025.05.15 12:30,USD,Philadelphia Fed Capex Index,Low,27.00,21.10,2.00,GMT
2025.05.15 12:30,USD,PPI m/m,High,-0.50,-0.30,-0.40,GMT
2025.05.15 12:30,USD,Core PPI m/m,Medium,-0.40,0.10,-0.10,GMT
2025.05.15 12:30,USD,PPI y/y,Low,2.40,2.40,2.70,GMT
2025.05.15 12:30,USD,Core PPI y/y,Low,3.10,3.30,3.30,GMT
2025.05.15 12:30,CAD,Manufacturing Sales m/m,Low,-1.40,0.20,0.20,GMT
2025.05.15 12:30,CAD,Wholesale Trade m/m,Medium,1.10,-0.10,0.30,GMT
2025.05.15 12:30,USD,NY Fed Empire State Manufacturing Index,Medium,-9.20,-21.40,-8.10,GMT
2025.05.15 12:30,USD,Initial Jobless Claims,High,229.00,233.00,228.00,GMT
2025.05.15 12:30,USD,Continuing Jobless Claims,Medium,1.88,1.92,1.88,GMT
2025.05.15 12:30,USD,Initial Jobless Claims 4-Week Average,Low,230.50,227.63,227.00,GMT
2025.05.15 12:34,INR,RBI M3 Money Supply y/y,Low,9.50,9.30,9.60,GMT
2025.05.15 12:40,USD,Fed Chair Powell Speech,High,,,,GMT
2025.05.15 13:15,USD,Fed Industrial Production m/m,Medium,0.00,0.00,-0.30,GMT
2025.05.15 13:15,USD,Fed Capacity Utilization Rate,Low,77.70,78.10,77.80,GMT
2025.05.15 13:15,USD,Fed Manufacturing Production m/m,Low,-0.40,-0.10,0.30,GMT
2025.05.15 13:15,USD,Fed Industrial Production y/y,Medium,1.50,0.00,1.30,GMT
2025.05.15 14:00,USD,Business Inventories m/m,Medium,0.10,0.00,0.20,GMT
2025.05.15 14:00,USD,Retail Inventories m/m,Medium,-0.20,-0.10,-0.10,GMT
2025.05.15 14:00,USD,Retail Inventories excl. Autos m/m,Medium,0.40,,0.40,GMT
2025.05.15 14:00,USD,NAHB Housing Market Index,Low,34.00,41.00,40.00,GMT
2025.05.15 14:00,GBP,BoE MPC Member Dhingra Speech,Medium,,,,GMT
2025.05.15 14:30,USD,EIA Natural Gas Storage Change,Low,110.00,95.00,104.00,GMT
2025.05.15 15:30,USD,4-Week Bill Auction,Low,4.22,,4.22,GMT
2025.05.15 15:30,USD,8-Week Bill Auction,Low,4.24,,4.22,GMT
2025.05.15 18:05,USD,Fed Vice Chair for Supervision Barr Speech,Medium,,,,GMT
2025.05.15 19:00,MXN,Bank of Mexico Interest Rate Decision,Medium,8.50,,9.00,GMT
2025.05.15 21:00,KRW,Export Price Index y/y,Low,0.70,7.70,6.30,GMT
2025.05.15 21:00,KRW,Import Price Index y/y,Low,-2.30,2.80,3.40,GMT
2025.05.15 22:30,NZD,BusinessNZ Manufacturing Index,Medium,53.90,47.20,53.20,GMT
2025.05.15 23:50,JPY,GDP q/q,High,-0.20,0.30,0.60,GMT
2025.05.15 23:50,JPY,GDP Price Index y/y,Medium,3.30,2.20,2.90,GMT
2025.05.15 23:50,JPY,GDP y/y,Medium,-0.70,0.10,2.20,GMT
2025.05.15 23:50,JPY,Private Non-Residential Investment q/q,Low,1.40,0.30,0.60,GMT
2025.05.15 23:50,JPY,Private Consumption q/q,Low,0.00,0.00,0.00,GMT
2025.05.15 23:50,JPY,Net Exports Contribution to GDP q/q,Medium,-0.80,0.30,0.70,GMT
2025.05.17 00:00,NOK,Constitution Day,None,,,,GMT
2025.05.16 00:30,SGD,Trade Balance,Low,14.20,3.96,5.24,GMT
2025.05.16 00:30,SGD,Non-Oil Domestic Exports m/m,Low,10.40,-10.20,-7.60,GMT
2025.05.16 00:30,SGD,Non-Oil Domestic Exports y/y,Low,12.40,3.10,5.40,GMT
2025.05.16 03:00,NZD,RBNZ 2-Year Inflation Expectations,Medium,2.29,,2.06,GMT
2025.05.16 03:00,NZD,RBNZ Non-Resident Debt Holdings,Low,58.80,59.20,59.20,GMT
2025.05.16 04:00,JPY,BoJ Board Member Nakamura Speech,Medium,,,,GMT
2025.05.16 04:30,JPY,Industrial Production m/m,Medium,0.20,-1.10,-1.10,GMT
2025.05.16 04:30,JPY,Industrial Production y/y,Low,1.00,-0.30,-0.30,GMT
2025.05.16 04:30,JPY,Capacity Utilization Rate,Low,-2.40,0.00,-1.10,GMT
2025.05.16 05:30,EUR,Unemployment Rate,Low,7.40,7.30,7.30,GMT
2025.05.16 06:30,CHF,Industrial Production y/y,Low,8.50,,2.30,GMT
2025.05.16 08:00,EUR,CPI m/m,Low,0.10,0.20,0.20,GMT
2025.05.16 08:00,EUR,CPI y/y,Low,1.90,2.00,2.00,GMT
2025.05.16 08:00,EUR,HICP m/m,Low,0.40,0.50,0.50,GMT
2025.05.16 08:00,EUR,HICP y/y,Low,2.00,2.10,2.10,GMT
2025.05.16 08:00,EUR,CPI FOI excl. Tobacco m/m,Low,-0.10,0.10,0.20,GMT
2025.05.16 08:00,EUR,CPI FOI excl. Tobacco y/y,Low,1.70,1.40,1.70,GMT
2025.05.16 08:30,HKD,GDP q/q,Low,1.90,2.00,2.00,GMT
2025.05.16 08:30,HKD,GDP y/y,Low,3.10,3.10,3.10,GMT
2025.05.16 09:00,EUR,Trade Balance,Low,3.66,5.18,4.47,GMT
2025.05.16 09:00,EUR,Trade Balance EU,Low,-2.45,,-0.36,GMT
2025.05.16 09:00,EUR,Trade Balance,Medium,27.90,15.90,21.00,GMT
2025.05.16 09:00,EUR,Trade Balance n.s.a.,Medium,36.90,11.90,24.00,GMT
2025.05.16 11:30,INR,Bank Loan Growth y/y,Low,9.90,11.00,10.30,GMT
2025.05.16 11:30,INR,Deposit Growth y/y,Low,10.00,10.30,10.20,GMT
2025.05.16 11:30,INR,Foreign Exchange Reserves,Low,690.62,693.10,686.06,GMT
2025.05.16 12:30,USD,Housing Starts,Medium,,1.41,1.32,GMT
2025.05.16 12:30,USD,Building Permits,Medium,,1.52,1.47,GMT
2025.05.16 12:30,USD,Housing Starts m/m,Medium,,-3.60,-11.40,GMT
2025.05.16 12:30,USD,Building Permits m/m,Low,,-0.60,0.50,GMT
2025.05.16 12:30,USD,Import Price Index m/m,Medium,0.10,0.10,-0.10,GMT
2025.05.16 12:30,USD,Import Price Index y/y,Low,0.10,0.00,0.90,GMT
2025.05.16 12:30,USD,Export Price Index m/m,Medium,0.10,0.10,0.00,GMT
2025.05.16 12:30,USD,Export Price Index y/y,Low,2.00,3.00,2.40,GMT
2025.05.16 12:30,USD,Import Price Index excl. Petroleum m/m,Low,0.40,0.20,0.00,GMT
2025.05.16 12:30,CAD,Foreign Securities Purchases,Medium,-4.23,,-6.46,GMT
2025.05.16 12:30,CAD,Foreign Securities Purchases by Canadians,Low,15.63,,27.15,GMT
2025.05.16 14:00,USD,Michigan Consumer Sentiment,Medium,50.80,49.30,52.20,GMT
2025.05.16 14:00,USD,Michigan Consumer Expectations,Medium,46.50,52.20,47.30,GMT
2025.05.16 14:00,USD,Michigan Current Conditions,Low,57.60,57.40,59.80,GMT
2025.05.16 14:00,USD,Michigan Inflation Expectations,Medium,7.30,7.70,6.50,GMT
2025.05.16 14:00,USD,Michigan 5-Year Inflation Expectations,Medium,4.60,4.50,4.40,GMT
2025.05.16 15:00,EUR,ECB Executive Board Member Lane Speech,Medium,,,,GMT
2025.05.16 17:00,USD,Baker Hughes US Oil Rig Count,Medium,473.00,,474.00,GMT
2025.05.16 17:00,USD,Baker Hughes US Total Rig Count,Medium,576.00,,578.00,GMT
2025.05.16 19:30,AUD,CFTC AUD Non-Commercial Net Positions,Medium,-49.30,,-48.40,GMT
2025.05.16 19:30,BRL,CFTC BRL Non-Commercial Net Positions,Medium,43.50,,25.00,GMT
2025.05.16 19:30,CAD,CFTC CAD Non-Commercial Net Positions,Low,-82.20,,-70.60,GMT
2025.05.16 19:30,JPY,CFTC JPY Non-Commercial Net Positions,Medium,172.30,,176.90,GMT
2025.05.16 19:30,MXN,CFTC MXN Non-Commercial Net Positions,Low,65.70,,68.60,GMT
2025.05.16 19:30,NZD,CFTC NZD Non-Commercial Net Positions,Low,-22.60,,-23.10,GMT
2025.05.16 19:30,ZAR,CFTC ZAR Non-Commercial Net Positions,Low,11.80,,7.20,GMT
2025.05.16 19:30,CHF,CFTC CHF Non-Commercial Net Positions,Low,-23.10,,-23.60,GMT
2025.05.16 19:30,GBP,CFTC GBP Non-Commercial Net Positions,Medium,27.20,,29.20,GMT
2025.05.16 19:30,USD,CFTC Copper Non-Commercial Net Positions,Low,21.50,,21.70,GMT
2025.05.16 19:30,USD,CFTC Silver Non-Commercial Net Positions,Low,47.80,,49.30,GMT
2025.05.16 19:30,USD,CFTC Gold Non-Commercial Net Positions,Medium,161.20,,162.50,GMT
2025.05.16 19:30,USD,CFTC Crude Oil Non-Commercial Net Positions,Medium,185.30,,175.40,GMT
2025.05.16 19:30,USD,CFTC S&P 500 Non-Commercial Net Positions,Medium,-122.20,,-76.40,GMT
2025.05.16 19:30,USD,CFTC Aluminium Non-Commercial Net Positions,Low,0.10,,0.00,GMT
2025.05.16 19:30,USD,CFTC Corn Non-Commercial Net Positions,Low,18.10,,115.90,GMT
2025.05.16 19:30,USD,CFTC Natural Gas Non-Commercial Net Positions,Low,-112.10,,-117.20,GMT
2025.05.16 19:30,USD,CFTC Soybeans Non-Commercial Net Positions,Low,65.20,,49.40,GMT
2025.05.16 19:30,USD,CFTC Wheat Non-Commercial Net Positions,Low,-118.10,,-107.50,GMT
2025.05.16 19:30,USD,CFTC Nasdaq 100 Non-Commercial Net Positions,Medium,19.50,,32.80,GMT
2025.05.16 19:30,EUR,CFTC EUR Non-Commercial Net Positions,Medium,84.80,,75.70,GMT
2025.05.16 20:00,USD,TIC Net Long-Term Transactions,Medium,161.80,103.50,112.00,GMT
2025.05.16 20:00,USD,TIC Net Long-Term Transactions incl. Swaps,Low,161.80,116.90,112.00,GMT
2025.05.16 20:00,USD,TIC Overall Net Capital Flow,Low,254.30,207.40,284.70,GMT
2025.05.16 20:00,USD,TIC Net Foreign Purchases of Domestic Treasury Bonds & Notes,Low,123.30,71.40,106.20,GMT
2025.05.19 00:00,CAD,Victoria Day,None,,,,GMT
2025.05.18 21:35,USD,FOMC Member Williams Speech,Medium,,,,GMT
2025.05.18 22:00,EUR,Trade Balance,Low,-5.48,-2.91,-3.42,GMT
2025.05.18 22:30,NZD,BusinessNZ Services Index,Low,48.50,,49.10,GMT
2025.05.18 22:45,NZD,PPI Input q/q,Medium,2.90,-0.40,-0.90,GMT
2025.05.18 22:45,NZD,PPI Output q/q,Low,2.10,0.30,-0.10,GMT
2025.05.19 02:00,CNY,Retail Sales y/y,Low,5.10,4.20,5.90,GMT
2025.05.19 02:00,CNY,Industrial Production y/y,Medium,6.10,7.00,7.70,GMT
2025.05.19 02:00,CNY,Fixed Asset Investment y/y,Medium,4.00,4.40,4.20,GMT
2025.05.19 02:00,CNY,Industrial Production YTD y/y,Medium,6.40,,6.50,GMT
2025.05.19 02:00,CNY,Retail Sales YTD y/y,Low,4.70,,4.60,GMT
2025.05.19 04:30,JPY,Tertiary Industry Activity Index m/m,Medium,-0.30,0.70,0.00,GMT
2025.05.19 09:00,EUR,Core CPI m/m,Low,1.00,1.00,1.00,GMT
2025.05.19 09:00,EUR,CPI m/m,Medium,0.60,0.60,0.60,GMT
2025.05.19 09:00,EUR,Core CPI y/y,Medium,2.70,2.70,2.70,GMT
2025.05.19 09:00,EUR,CPI y/y,High,2.20,2.20,2.20,GMT
2025.05.19 09:00,EUR,CPI excl. Tobacco m/m,Low,0.60,0.80,0.60,GMT
2025.05.19 09:00,EUR,CPI excl. Tobacco y/y,Low,2.10,2.20,2.10,GMT
2025.05.19 09:00,EUR,CPI excl. Energy and Unprocessed Food m/m,Low,0.90,0.90,0.90,GMT
2025.05.19 09:00,EUR,CPI excl. Energy and Unprocessed Food y/y,Low,2.70,2.70,2.70,GMT
2025.05.19 09:00,EUR,CPI,Low,128.77,,128.76,GMT
2025.05.19 09:00,EUR,Core CPI,Medium,122.22,,122.19,GMT
2025.05.19 11:30,BRL,BCB Focus Market Report,Medium,,,,GMT
2025.05.19 12:00,BRL,BCB IBC-Br Economic Activity,Low,37.85,-0.35,114.38,GMT
2025.05.19 12:45,USD,FOMC Member Williams Speech,Medium,,,,GMT
2025.05.19 12:45,USD,Fed Governor Jefferson Speech,Medium,,,,GMT
2025.05.19 13:21,EUR,3-Month BTF Auction,Low,2.04,,2.06,GMT
2025.05.19 13:21,EUR,6-Month BTF Auction,Low,2.01,,2.02,GMT
2025.05.19 13:21,EUR,12-Month BTF Auction,Low,1.95,,1.99,GMT
2025.05.19 14:00,USD,CB Leading Economic Index m/m,Medium,-1.00,-0.30,-0.70,GMT
2025.05.19 15:30,USD,3-Month Bill Auction,Low,4.29,,4.30,GMT
2025.05.19 15:30,USD,6-Month Bill Auction,Low,4.14,,4.11,GMT
2025.05.20 01:00,CNY,Foreign Direct Investment YTD y/y,Low,,-8.20,-10.80,GMT
2025.05.20 05:30,AUD,RBA Monetary Policy Statement,Medium,,,,GMT
2025.05.20 05:30,AUD,RBA Rate Statement,Medium,,,,GMT
2025.05.20 05:30,AUD,RBA Interest Rate Decision,High,,,4.10,GMT
2025.05.20 06:00,EUR,PPI m/m,Medium,,-0.10,-0.70,GMT
2025.05.20 06:00,EUR,PPI y/y,Low,,0.00,-0.20,GMT
2025.05.20 08:00,EUR,Current Account,Low,,42.10,34.30,GMT
2025.05.20 08:00,EUR,Current Account n.s.a.,Low,,42.60,33.10,GMT
2025.05.20 08:00,GBP,BoE MPC Member Pill Speech,Medium,,,,GMT
2025.05.20 08:30,HKD,Unemployment Rate 3-Months,Low,,3.20,3.20,GMT
2025.05.20 09:00,EUR,Construction Output m/m,Low,,0.20,-0.50,GMT
2025.05.20 09:00,EUR,Construction Output y/y,Low,,-0.50,0.20,GMT
2025.05.20 09:30,EUR,30-Year Bond Auction,Low,,,3.09,GMT
2025.05.20 10:30,EUR,Consumer Confidence,Low,,80.90,79.60,GMT
2025.05.20 12:30,CAD,CPI m/m,Medium,,0.40,0.30,GMT
2025.05.20 12:30,CAD,CPI y/y,Low,,2.30,2.30,GMT
2025.05.20 12:30,CAD,Core CPI m/m,Medium,,0.50,0.10,GMT
2025.05.20 12:30,CAD,Core CPI y/y,Medium,,2.60,2.20,GMT
2025.05.20 12:30,CAD,Common CPI y/y,Low,,2.60,2.30,GMT
2025.05.20 12:30,CAD,Median CPI y/y,Low,,3.00,2.90,GMT
2025.05.20 12:30,CAD,Trimmed CPI y/y,Low,,2.70,2.80,GMT
2025.05.20 14:00,NZD,GDT Price Index,Low,,0.40,4.60,GMT
2025.05.20 14:00,EUR,Consumer Confidence Index,Low,,-17.00,-16.70,GMT
2025.05.20 22:45,NZD,Exports,Low,,,7.59,GMT
2025.05.20 22:45,NZD,Imports,Low,,,6.62,GMT
2025.05.20 22:45,NZD,Trade Balance,Low,,0.66,0.97,GMT
2025.05.20 22:45,NZD,Trade Balance 12-Months,Medium,,-6.35,-6.13,GMT
2025.05.20 23:50,JPY,Adjusted Trade Balance,Medium,,-428.30,-233.60,GMT
2025.05.20 23:50,JPY,Trade Balance,Medium,,-858.20,544.10,GMT
2025.05.20 23:50,JPY,Imports y/y,Low,,-2.20,2.00,GMT
2025.05.20 23:50,JPY,Exports y/y,Medium,,7.40,3.90,GMT
2025.05.22 00:00,BRL,BCB National Monetary Council Meeting,Medium,,,,GMT
2025.05.21 02:30,AUD,RBA Chart Pack,Low,,,,GMT
2025.05.21 03:00,NZD,RBNZ Credit Card Spending y/y,Low,,-1.50,0.80,GMT
2025.05.21 06:00,SEK,Capacity Utilization q/q,Low,,-0.10,0.70,GMT
2025.05.21 06:00,GBP,CPI m/m,Medium,,0.50,0.40,GMT
2025.05.21 06:00,GBP,CPI y/y,High,,2.60,2.80,GMT
2025.05.21 06:00,GBP,Core CPI y/y,Low,,3.70,3.50,GMT
2025.05.21 06:00,GBP,Core RPI m/m,Low,,0.40,0.60,GMT
2025.05.21 06:00,GBP,Core RPI y/y,Low,,2.90,3.00,GMT
2025.05.21 06:00,GBP,RPI m/m,Low,,0.60,0.60,GMT
2025.05.21 06:00,GBP,RPI y/y,Low,,3.40,3.40,GMT
2025.05.21 06:00,GBP,CPIH y/y,Medium,,3.60,3.70,GMT
2025.05.21 06:00,GBP,CPIH m/m,Medium,,0.30,0.40,GMT
2025.05.21 06:00,GBP,Core CPI m/m,Low,,0.50,0.40,GMT
2025.05.21 06:00,GBP,CPI,Low,,,136.00,GMT
2025.05.21 06:00,GBP,CPIH,Low,,,135.60,GMT
2025.05.21 07:35,EUR,Bbk Executive Board Member Balz Speech,Medium,,,,GMT
2025.05.21 08:00,ZAR,CPI m/m,Low,,0.50,0.40,GMT
2025.05.21 08:00,ZAR,CPI y/y,Low,,2.60,2.70,GMT
2025.05.21 08:00,ZAR,Core CPI m/m,Low,,0.10,0.50,GMT
2025.05.21 08:00,ZAR,Core CPI y/y,Low,,3.10,3.10,GMT
2025.05.21 08:00,EUR,ECB Financial Stability Review,Medium,,,,GMT
2025.05.21 08:30,GBP,HPI y/y,Low,,4.20,5.40,GMT
2025.05.21 09:30,EUR,10-Year Bond Auction,Medium,,,2.47,GMT
2025.05.21 09:30,GBP,5-Year Treasury Gilt Auction,Low,,,3.98,GMT
2025.05.21 11:00,ZAR,Retail Sales m/m,Low,,-0.10,-1.30,GMT
2025.05.21 11:00,ZAR,Retail Sales y/y,Low,,1.50,3.90,GMT
2025.05.21 12:00,MXN,Retail Sales m/m,Low,,1.30,1.70,GMT
2025.05.21 12:00,MXN,Retail Sales n.s.a. y/y,Low,,-1.30,-1.10,GMT
2025.05.21 12:30,CAD,New Housing Price Index m/m,Medium,,0.00,0.00,GMT
2025.05.21 14:30,USD,EIA Crude Oil Stocks Change,High,,-3.36,3.45,GMT
2025.05.21 14:30,USD,EIA Cushing Crude Oil Stocks Change,Medium,,-0.14,-1.07,GMT
2025.05.21 14:30,USD,EIA Crude Oil Imports Change,Low,,-0.91,0.42,GMT
2025.05.21 14:30,USD,EIA Distillate Fuel Production Change,Low,,-0.01,-0.07,GMT
2025.05.21 14:30,USD,EIA Distillates Stocks Change,Low,,0.01,-3.15,GMT
2025.05.21 14:30,USD,EIA Gasoline Production Change,Low,,0.39,-0.33,GMT
2025.05.21 14:30,USD,EIA Heating Oil Stocks Change,Low,,0.02,0.29,GMT
2025.05.21 14:30,USD,EIA Gasoline Stocks Change,Low,,-3.19,-1.02,GMT
2025.05.21 14:30,USD,EIA Refinery Crude Oil Daily Inputs Change,Low,,,0.33,GMT
2025.05.21 14:30,USD,EIA Refinery Utilization Rate Change,Low,,,1.20,GMT
2025.05.21 16:00,EUR,ECB Executive Board Member Lane Speech,Medium,,,,GMT
2025.05.21 17:00,USD,20-Year Bond Auction,Medium,,,4.81,GMT
2025.05.21 17:30,BRL,Foreign Exchange Flows,Low,,0.22,0.96,GMT
2025.05.21 23:50,JPY,Foreign Bond Investment,Low,,,1923.20,GMT
2025.05.21 23:50,JPY,Foreign Investment in Japan Stocks,Low,,,439.00,GMT
2025.05.21 23:50,JPY,Core Machinery Orders m/m,Low,,-0.20,4.30,GMT
2025.05.21 23:50,JPY,Core Machinery Orders y/y,Low,,3.90,1.50,GMT
2025.05.22 00:00,SGD,GDP q/q,Low,,-0.80,-0.80,GMT
2025.05.22 00:00,SGD,GDP y/y,Low,,3.80,3.80,GMT
2025.05.22 01:30,JPY,BoJ Board Member Noguchi Speech,Medium,,,,GMT
2025.05.22 02:00,NZD,OBEGAL Forecast,Low,,-12.87,-12.87,GMT
2025.05.22 02:00,NZD,Net Debt Forecast, % GDP,Low,,45.10,45.10,GMT
2025.05.22 02:00,NZD,Budget Release,High,,,,GMT
2025.05.22 06:00,NOK,Unemployment Rate,Low,,4.10,4.40,GMT
2025.05.22 06:45,EUR,Business Climate,Low,,97.00,99.00,GMT
2025.05.22 07:15,EUR,S&P Global Manufacturing PMI,Medium,,48.20,48.70,GMT
2025.05.22 07:15,EUR,S&P Global Services PMI,Medium,,48.10,47.30,GMT
2025.05.22 07:15,EUR,S&P Global Composite PMI,Low,,48.50,47.80,GMT
2025.05.22 07:30,EUR,S&P Global Manufacturing PMI,Medium,,48.40,48.40,GMT
2025.05.22 07:30,EUR,S&P Global Services PMI,Medium,,50.00,49.00,GMT
2025.05.22 07:30,EUR,S&P Global Composite PMI,Low,,48.50,49.00,GMT
2025.05.22 08:00,EUR,S&P Global Manufacturing PMI,Medium,,48.50,49.00,GMT
2025.05.22 08:00,EUR,S&P Global Services PMI,Medium,,51.00,50.10,GMT
2025.05.22 08:00,EUR,S&P Global Composite PMI,Medium,,50.40,50.40,GMT
2025.05.22 08:30,HKD,CPI y/y,Low,,1.80,1.40,GMT
2025.05.22 08:30,EUR,Ifo Business Expectations,Medium,,85.40,87.40,GMT
2025.05.22 08:30,EUR,Ifo Current Business Situation,Medium,,85.30,86.40,GMT
2025.05.22 08:30,EUR,Ifo Business Climate,Medium,,86.50,86.90,GMT
2025.05.22 08:30,GBP,S&P Global/CIPS Manufacturing PMI,Medium,,45.80,45.40,GMT
2025.05.22 08:30,GBP,S&P Global/CIPS Services PMI,Medium,,48.40,49.00,GMT
2025.05.22 08:30,GBP,S&P Global/CIPS Composite PMI,Medium,,,48.50,GMT
2025.05.22 08:50,EUR,3-Year OAT Auction,Low,,,,GMT
2025.05.22 08:50,EUR,5-Year OAT Auction,Low,,,,GMT
2025.05.22 10:00,EUR,Bbk Monthly Report,Low,,,,GMT
2025.05.22 11:00,ZAR,Building Permits m/m,Low,,0.80,6.30,GMT
2025.05.22 11:00,ZAR,Building Permits y/y,Low,,11.60,-9.00,GMT
2025.05.22 11:30,EUR,ECB Monetary Policy Meeting Accounts,Medium,,,,GMT
2025.05.22 12:00,MXN,Economic Activity m/m,Low,,0.40,1.00,GMT
2025.05.22 12:00,MXN,Economic Activity n.s.a. y/y,Low,,0.90,-0.70,GMT
2025.05.22 12:00,MXN,First Half-Month CPI m/m,Low,,0.08,0.12,GMT
2025.05.22 12:00,MXN,First Half-Month Core CPI m/m,Low,,0.23,0.34,GMT
2025.05.22 12:30,CAD,IPPI m/m,Low,,0.20,0.50,GMT
2025.05.22 12:30,CAD,IPPI y/y,Low,,4.20,4.70,GMT
2025.05.22 12:30,CAD,RMPI m/m,Medium,,-1.10,-1.00,GMT
2025.05.22 12:30,CAD,RMPI y/y,Low,,-0.40,3.90,GMT
2025.05.22 12:30,USD,Chicago Fed National Activity Index,Low,,-0.11,-0.03,GMT
2025.05.22 12:30,USD,Initial Jobless Claims,High,,231.00,229.00,GMT
2025.05.22 12:30,USD,Continuing Jobless Claims,Medium,,1.83,1.88,GMT
2025.05.22 12:30,USD,Initial Jobless Claims 4-Week Average,Low,,231.04,230.50,GMT
2025.05.22 12:30,GBP,BoE MPC Member Pill Speech,Medium,,,,GMT
2025.05.22 13:30,EUR,Bbk President Nagel Speech,Medium,,,,GMT
2025.05.22 14:00,USD,Existing Home Sales,High,,4.01,4.02,GMT
2025.05.22 14:00,USD,Existing Home Sales m/m,Medium,,-8.50,-5.90,GMT
2025.05.22 14:30,USD,EIA Natural Gas Storage Change,Low,,110.00,110.00,GMT
2025.05.22 15:00,USD,Kansas City Fed Manufacturing Composite Index,Low,,-5.00,-4.00,GMT
2025.05.22 15:00,USD,Kansas City Fed Manufacturing Production,Low,,-5.00,-5.00,GMT
2025.05.22 15:00,EUR,ECB Executive Board Member Elderson Speech,Medium,,,,GMT
2025.05.22 15:00,EUR,ECB Vice President de Guindos Speech,Medium,,,,GMT
2025.05.22 17:00,USD,10-Year TIPS Auction,Medium,,,1.94,GMT
2025.05.22 18:00,USD,FOMC Member Williams Speech,Medium,,,,GMT
2025.05.22 19:15,CAD,BoC Deputy Governor Gravelle Speech,Medium,,,,GMT
2025.05.22 21:00,KRW,PPI m/m,Low,,0.10,0.00,GMT
2025.05.22 21:00,KRW,PPI y/y,Low,,1.30,1.30,GMT
2025.05.22 22:45,NZD,Retail Sales q/q,Medium,,-0.20,0.90,GMT
2025.05.22 22:45,NZD,Core Retail Sales q/q,Medium,,-0.10,1.40,GMT
2025.05.22 22:45,NZD,Retail Sales y/y,Medium,,-1.10,0.20,GMT
2025.05.22 23:01,GBP,GfK Consumer Confidence,Low,,-26.00,-23.00,GMT
2025.05.22 23:30,JPY,CPI y/y,Low,,3.80,3.60,GMT
2025.05.22 23:30,JPY,CPI excl. Food and Energy y/y,Medium,,3.30,2.90,GMT
2025.05.22 23:30,JPY,Core CPI y/y,Medium,,3.20,3.20,GMT
2025.05.22 23:30,JPY,CPI s.a. m/m,Low,,,0.30,GMT
2025.05.23 05:00,SGD,CPI y/y,Medium,,0.70,0.90,GMT
2025.05.23 06:00,SEK,Unemployment Rate,Low,,9.70,8.50,GMT
2025.05.23 06:00,SEK,Business Inventories Change,Low,,,-6.14,GMT
2025.05.23 06:00,EUR,GDP q/q,High,,0.20,0.20,GMT
2025.05.23 06:00,EUR,GDP y/y,Medium,,-0.40,-0.40,GMT
2025.05.23 06:45,EUR,Consumer Confidence Index,Low,,91.00,92.00,GMT
2025.05.23 08:30,EUR,ECB Executive Board Member Lane Speech,Medium,,,,GMT
2025.05.23 11:30,INR,Foreign Exchange Reserves,Low,,694.23,690.62,GMT
2025.05.23 12:00,MXN,Trade Balance n.s.a.,Low,,1.10,3.44,GMT
2025.05.23 12:00,MXN,Trade Balance,Low,,1.09,1.03,GMT
2025.05.23 12:30,CAD,Retail Sales m/m,Medium,,0.40,-0.40,GMT
2025.05.23 12:30,CAD,Core Retail Sales m/m,Medium,,0.60,0.50,GMT
2025.05.23 12:30,CAD,Corporate Profits q/q,Low,,,2.10,GMT
2025.05.23 14:00,USD,New Home Sales,High,,0.68,0.72,GMT
2025.05.23 14:00,USD,New Home Sales m/m,Medium,,-12.30,7.40,GMT
2025.05.23 15:00,MXN,Current Account,Low,,0.72,12.60,GMT
2025.05.23 15:00,MXN,Current Account - GDP Ratio,Low,,0.18,2.87,GMT
2025.05.23 16:00,USD,Fed Governor Cook Speech,Medium,,,,GMT
2025.05.23 16:00,EUR,ECB Executive Board Member Schnabel Speech,Medium,,,,GMT
2025.05.23 17:00,USD,Baker Hughes US Oil Rig Count,Medium,,,473.00,GMT
2025.05.23 17:00,USD,Baker Hughes US Total Rig Count,Medium,,,576.00,GMT
2025.05.23 19:30,AUD,CFTC AUD Non-Commercial Net Positions,Medium,,,-49.30,GMT
2025.05.23 19:30,BRL,CFTC BRL Non-Commercial Net Positions,Medium,,,43.50,GMT
2025.05.23 19:30,CAD,CFTC CAD Non-Commercial Net Positions,Low,,,-82.20,GMT
2025.05.23 19:30,JPY,CFTC JPY Non-Commercial Net Positions,Medium,,,172.30,GMT
2025.05.23 19:30,MXN,CFTC MXN Non-Commercial Net Positions,Low,,,65.70,GMT
2025.05.23 19:30,NZD,CFTC NZD Non-Commercial Net Positions,Low,,,-22.60,GMT
2025.05.23 19:30,ZAR,CFTC ZAR Non-Commercial Net Positions,Low,,,11.80,GMT
2025.05.23 19:30,CHF,CFTC CHF Non-Commercial Net Positions,Low,,,-23.10,GMT
2025.05.23 19:30,GBP,CFTC GBP Non-Commercial Net Positions,Medium,,,27.20,GMT
2025.05.23 19:30,USD,CFTC Copper Non-Commercial Net Positions,Low,,,21.50,GMT
2025.05.23 19:30,USD,CFTC Silver Non-Commercial Net Positions,Low,,,47.80,GMT
2025.05.23 19:30,USD,CFTC Gold Non-Commercial Net Positions,Medium,,,161.20,GMT
2025.05.23 19:30,USD,CFTC Crude Oil Non-Commercial Net Positions,Medium,,,185.30,GMT
2025.05.23 19:30,USD,CFTC S&P 500 Non-Commercial Net Positions,Medium,,,-122.20,GMT
2025.05.23 19:30,USD,CFTC Aluminium Non-Commercial Net Positions,Low,,,0.10,GMT
2025.05.23 19:30,USD,CFTC Corn Non-Commercial Net Positions,Low,,,18.10,GMT
2025.05.23 19:30,USD,CFTC Natural Gas Non-Commercial Net Positions,Low,,,-112.10,GMT
2025.05.23 19:30,USD,CFTC Soybeans Non-Commercial Net Positions,Low,,,65.20,GMT
2025.05.23 19:30,USD,CFTC Wheat Non-Commercial Net Positions,Low,,,-118.10,GMT
2025.05.23 19:30,USD,CFTC Nasdaq 100 Non-Commercial Net Positions,Medium,,,19.50,GMT
2025.05.23 19:30,EUR,CFTC EUR Non-Commercial Net Positions,Medium,,,84.80,GMT
2025.05.26 00:00,GBP,Spring Bank Holiday,None,,,,GMT
2025.05.26 00:00,USD,Memorial Day,None,,,,GMT
2025.05.25 18:40,USD,Fed Chair Powell Speech,High,,,,GMT
2025.05.26 05:00,SGD,Industrial Production m/m,Low,,0.90,-3.60,GMT
2025.05.26 05:00,SGD,Industrial Production y/y,Low,,7.90,5.80,GMT
2025.05.26 05:00,JPY,Coincident Index,Low,,116.00,116.00,GMT
2025.05.26 05:00,JPY,Leading Index,Low,,107.70,107.70,GMT
2025.05.26 05:00,JPY,Coincident Index m/m,Low,,,-1.30,GMT
2025.05.26 05:00,JPY,Leading Index m/m,Low,,,-0.50,GMT
2025.05.26 06:00,NOK,General Public Domestic Loan Debt y/y,Low,,4.00,3.80,GMT
2025.05.26 06:00,SEK,PPI m/m,Low,,0.50,-3.00,GMT
2025.05.26 06:00,SEK,PPI y/y,Low,,-4.70,-0.30,GMT
2025.05.26 06:30,CHF,Employment Level,Medium,,5.56,5.53,GMT
2025.05.26 07:00,EUR,PPI y/y,Low,,5.20,4.90,GMT
2025.05.26 08:30,HKD,Exports y/y,Low,,7.30,18.50,GMT
2025.05.26 08:30,HKD,Imports y/y,Low,,6.50,16.60,GMT
2025.05.26 08:30,HKD,Trade Balance,Low,,-10.96,-45.40,GMT
2025.05.26 11:00,BRL,FGV Consumer Confidence,Low,,-6.90,0.50,GMT
2025.05.26 11:30,BRL,Current Account,Low,,-3.04,-2.25,GMT
2025.05.26 11:30,BRL,Foreign Direct Investment,Low,,5.32,5.99,GMT
2025.05.26 11:30,BRL,BCB Focus Market Report,Medium,,,,GMT
2025.05.26 12:50,EUR,3-Month BTF Auction,Low,,,2.04,GMT
2025.05.26 12:50,EUR,6-Month BTF Auction,Low,,,2.01,GMT
2025.05.26 12:50,EUR,12-Month BTF Auction,Low,,,1.95,GMT
2025.05.26 21:00,KRW,Consumer Confidence,Low,,96.40,93.80,GMT
2025.05.26 22:00,EUR,Jobseekers Total,Medium,,3081.30,3189.30,GMT
2025.05.26 23:50,JPY,BoJ Corporate Services Price Index y/y,Low,,3.00,3.10,GMT
2025.05.27 01:30,CNY,Industrial Profit YTD y/y,Low,,,0.80,GMT
2025.05.27 05:00,JPY,BoJ Trimmed Mean Core CPI y/y,Medium,,2.50,2.20,GMT
2025.05.27 05:00,JPY,BoJ Weighted Median Core CPI y/y,Medium,,1.40,1.40,GMT
2025.05.27 06:00,CHF,Exports,Low,,,30.24,GMT
2025.05.27 06:00,CHF,Imports,Low,,,23.89,GMT
2025.05.27 06:00,CHF,Trade Balance,Low,,4.14,6.35,GMT
2025.05.27 06:00,EUR,GfK Consumer Climate,Medium,,-21.80,-20.60,GMT
2025.05.27 06:45,EUR,CPI m/m,Medium,,0.30,0.60,GMT
2025.05.27 06:45,EUR,CPI y/y,Low,,0.90,0.80,GMT
2025.05.27 06:45,EUR,HICP m/m,Medium,,0.20,0.70,GMT
2025.05.27 06:45,EUR,HICP y/y,Low,,1.00,0.90,GMT
2025.05.27 07:00,SEK,Business Confidence,Low,,98.40,99.90,GMT
2025.05.27 07:00,SEK,Manufacturing Confidence,Low,,98.20,99.60,GMT
2025.05.27 07:00,SEK,Consumer Confidence,Low,,81.50,81.60,GMT
2025.05.27 07:00,SEK,Inflation Expectations,Medium,,10.30,9.50,GMT
2025.05.27 07:00,SEK,Economic Tendency Indicator,Low,,94.20,94.80,GMT
2025.05.27 09:00,EUR,Business Climate Indicator,Low,,-0.57,-0.67,GMT
2025.05.27 09:00,EUR,Industrial Confidence Indicator,Low,,-10.90,-11.20,GMT
2025.05.27 09:00,EUR,Services Sentiment Indicator,Low,,2.40,1.40,GMT
2025.05.27 09:00,EUR,Economic Sentiment Indicator,Medium,,94.40,93.60,GMT
2025.05.27 09:00,EUR,Consumer Confidence Index,Low,,,,GMT
2025.05.27 09:00,EUR,Consumer Price Expectations,High,,34.20,29.60,GMT
2025.05.27 09:00,EUR,Industry Selling Price Expectations,Low,,11.60,11.00,GMT
2025.05.27 09:30,EUR,2-Year CTZ Auction,Low,,,2.00,GMT
2025.05.27 10:00,EUR,Business Confidence,Low,,-4.20,-4.10,GMT
2025.05.27 12:00,BRL,Mid-Month CPI m/m,Low,,0.39,0.43,GMT
2025.05.27 12:00,BRL,Mid-Month CPI y/y,Low,,5.87,5.49,GMT
2025.05.27 12:30,USD,Durable Goods Orders m/m,High,,-2.00,9.20,GMT
2025.05.27 12:30,USD,Core Durable Goods Orders m/m,Medium,,0.20,0.00,GMT
2025.05.27 12:30,USD,Durable Goods Orders excl. Defense m/m,Low,,5.60,10.40,GMT
2025.05.27 12:30,USD,Nondefense Capital Goods Orders excl. Aircraft m/m,Low,,0.90,0.10,GMT
2025.05.27 12:30,USD,Nondefense Capital Goods Shipments excl. Aircraft m/m,Low,,0.10,0.20,GMT
2025.05.27 13:00,USD,HPI m/m,Low,,0.20,0.10,GMT
2025.05.27 13:00,USD,HPI y/y,Low,,3.40,3.90,GMT
2025.05.27 13:00,USD,HPI,Low,,436.80,437.30,GMT
2025.05.27 13:00,USD,S&P/CS HPI Composite-20 y/y,Medium,,4.40,4.50,GMT
2025.05.27 13:00,USD,S&P/CS HPI Composite-20 n.s.a. m/m,Medium,,1.10,0.70,GMT
2025.05.27 13:00,USD,S&P/CS HPI Composite-20 s.a. m/m,Low,,0.40,0.40,GMT
2025.05.27 14:00,USD,CB Consumer Confidence Index,High,,98.80,86.00,GMT
2025.05.27 14:30,USD,Dallas Fed Manufacturing Index,Low,,-38.20,-35.80,GMT
2025.05.27 15:30,USD,3-Month Bill Auction,Low,,,4.29,GMT
2025.05.27 15:30,USD,6-Month Bill Auction,Low,,,4.14,GMT
2025.05.27 17:00,USD,2-Year Note Auction,Medium,,,3.79,GMT
2025.05.27 21:00,KRW,BOK Manufacturing BSI,Low,,66.00,68.00,GMT
2025.05.29 00:00,SEK,Ascension Day,None,,,,GMT
2025.05.29 00:00,EUR,Ascension Day,None,,,,GMT
2025.05.29 00:00,EUR,Ascension Day,None,,,,GMT
2025.05.29 00:00,CHF,Ascension Day,None,,,,GMT
2025.05.29 00:00,NOK,Ascension Day,None,,,,GMT
2025.05.28 01:30,AUD,Construction Work Done q/q,Medium,,0.30,0.50,GMT
2025.05.28 02:00,NZD,RBNZ Rate Statement,Medium,,,,GMT
2025.05.28 02:00,NZD,RBNZ Monetary Policy Statement,Medium,,,,GMT
2025.05.28 02:00,NZD,RBNZ Interest Rate Decision,High,,,3.50,GMT
2025.05.28 06:00,NOK,Retail Sales m/m,Low,,-1.50,0.60,GMT
2025.05.28 06:00,NOK,Retail Sales y/y,Low,,1.50,2.80,GMT
2025.05.28 06:00,SEK,Goods Trade Balance,Low,,5.90,4842.80,GMT
2025.05.28 06:00,SEK,Retail Sales m/m,Low,,0.10,0.30,GMT
2025.05.28 06:00,SEK,Retail Sales y/y,Low,,0.90,3.60,GMT
2025.05.28 06:00,SEK,Households Loans y/y,Low,,2.20,2.10,GMT
2025.05.28 06:00,SEK,Non-Financial Corporations Loans y/y,Low,,,0.50,GMT
2025.05.28 06:00,SEK,M3 Money Supply y/y,Low,,,2.20,GMT
2025.05.28 06:00,GBP,Nationwide HPI m/m,Medium,,-0.10,-0.60,GMT
2025.05.28 06:00,GBP,Nationwide HPI y/y,Medium,,4.20,3.40,GMT
2025.05.28 06:45,EUR,GDP q/q,Medium,,0.10,0.10,GMT
2025.05.28 06:45,EUR,GDP y/y,Medium,,0.80,0.80,GMT
2025.05.28 06:45,EUR,Consumer Spending m/m,Medium,,0.00,-1.00,GMT
2025.05.28 06:45,EUR,PPI m/m,Low,,-1.60,-0.40,GMT
2025.05.28 06:45,EUR,Nonfarm Payrolls q/q,Low,,0.00,0.00,GMT
2025.05.28 07:30,SEK,Riksbank Financial Stability Report,Medium,,,,GMT
2025.05.28 07:55,EUR,Unemployment Change,Medium,,12.00,4.00,GMT
2025.05.28 07:55,EUR,Unemployment Rate,Medium,,6.30,6.30,GMT
2025.05.28 07:55,EUR,Unemployment n.s.a.,Low,,2.92,2.93,GMT
2025.05.28 07:55,EUR,Unemployment,Medium,,2.94,2.92,GMT
2025.05.28 08:00,CHF,Credit Suisse Economic Expectations,Low,,-50.50,-51.60,GMT
2025.05.28 09:30,EUR,6-Month BOT Auction,Low,,,2.08,GMT
2025.05.28 10:30,INR,RBI M3 Money Supply y/y,Low,,9.40,9.50,GMT
2025.05.28 12:00,INR,Industrial Production y/y,Low,,2.80,2.90,GMT
2025.05.28 12:00,INR,Industrial Production FYTD y/y,Low,,4.00,4.10,GMT
2025.05.28 12:00,INR,Manufacturing Production y/y,Low,,3.80,2.90,GMT
2025.05.28 12:00,INR,Manufacturing Production FYTD y/y,Low,,,4.10,GMT
2025.05.28 13:00,USD,FOMC Member Williams Speech,Medium,,,,GMT
2025.05.28 14:00,USD,Richmond Fed Manufacturing Index,Low,,-14.00,-13.00,GMT
2025.05.28 14:00,USD,Richmond Fed Manufacturing Shipments,Low,,,-17.00,GMT
2025.05.28 14:00,USD,Richmond Fed Services Revenues,Low,,-5.00,-7.00,GMT
2025.05.28 14:30,USD,Dallas Fed Services Revenues,Low,,4.30,3.80,GMT
2025.05.28 14:30,USD,Dallas Fed Services Business Activity,Low,,-9.80,-19.40,GMT
2025.05.28 17:00,USD,5-Year Note Auction,Medium,,,4.00,GMT
2025.05.28 17:00,NZD,RBNZ Press Conference,High,,,,GMT
2025.05.28 17:30,BRL,Foreign Exchange Flows,Low,,,,GMT
2025.05.28 18:00,USD,FOMC Minutes,Medium,,,,GMT
2025.05.28 23:50,JPY,Foreign Bond Investment,Low,,,,GMT
2025.05.28 23:50,JPY,Foreign Investment in Japan Stocks,Low,,,,GMT
2025.05.29 01:00,NZD,ANZ Business Confidence,Low,,44.00,49.30,GMT
2025.05.29 01:00,NZD,ANZ Activity Outlook,Low,,51.40,47.70,GMT
2025.05.29 01:00,KRW,BOK Interest Rate Decision,Low,,,2.75,GMT
2025.05.29 01:00,KRW,BOK Monetary Policy Board Meeting,Medium,,,,GMT
2025.05.29 01:30,AUD,Private New Capital Expenditure q/q,Medium,,-0.10,-0.20,GMT
2025.05.29 01:30,AUD,Building Capital Expenditure q/q,Low,,2.70,0.20,GMT
2025.05.29 01:30,AUD,Equipment, Plant and Machinery Capital Expenditure q/q,Low,,0.00,-0.80,GMT
2025.05.29 05:00,JPY,Consumer Confidence Index,Low,,30.30,31.20,GMT
2025.05.29 07:00,EUR,Retail Sales y/y,Low,,2.90,3.60,GMT
2025.05.29 08:00,EUR,Business Confidence,Low,,85.70,85.70,GMT
2025.05.29 08:00,EUR,Consumer Confidence,Low,,93.70,92.70,GMT
2025.05.29 09:00,EUR,Trade Balance Non-EU,Low,,,5.96,GMT
2025.05.29 09:30,ZAR,PPI m/m,Low,,0.40,0.60,GMT
2025.05.29 09:30,ZAR,PPI y/y,Low,,0.30,0.50,GMT
2025.05.29 09:30,EUR,5-Year BTP Auction,Low,,,3.05,GMT
2025.05.29 09:30,EUR,10-Year BTP Auction,Low,,,3.83,GMT
2025.05.29 10:00,EUR,Industrial Sales m/m,Low,,2.10,-0.40,GMT
2025.05.29 10:00,EUR,Industrial Sales  y/y,Low,,0.10,-1.50,GMT
2025.05.29 11:00,BRL,FGV IGP-M Inflation Index m/m,Low,,-0.43,0.24,GMT
2025.05.29 11:30,BRL,BCB Bank Lending m/m,Low,,0.20,0.60,GMT
2025.05.29 12:00,BRL,Unemployment Rate 3-months,Medium,,6.70,7.00,GMT
2025.05.29 12:30,CAD,Current Account,Medium,,-15.59,-4.99,GMT
2025.05.29 12:30,USD,GDP q/q,High,,-0.30,-0.30,GMT
2025.05.29 12:30,USD,GDP Price Index q/q,Low,,3.70,3.70,GMT
2025.05.29 12:30,USD,Core PCE Price Index q/q,Low,,3.50,3.50,GMT
2025.05.29 12:30,USD,PCE Price Index q/q,Low,,3.60,3.60,GMT
2025.05.29 12:30,USD,Real PCE q/q,Medium,,1.80,1.80,GMT
2025.05.29 12:30,USD,Corporate Profits q/q,Low,,1.50,5.90,GMT
2025.05.29 12:30,USD,GDP Sales q/q,High,,-2.50,-2.50,GMT
2025.05.29 12:30,USD,Initial Jobless Claims,High,,,,GMT
2025.05.29 12:30,USD,Continuing Jobless Claims,Medium,,,,GMT
2025.05.29 12:30,USD,Initial Jobless Claims 4-Week Average,Low,,,,GMT
2025.05.29 14:00,USD,Pending Home Sales m/m,Medium,,-0.90,6.10,GMT
2025.05.29 14:00,USD,Pending Home Sales y/y,Low,,-4.40,-0.60,GMT
2025.05.29 14:00,USD,Pending Home Sales Index,Low,,,76.50,GMT
2025.05.29 14:30,USD,EIA Natural Gas Storage Change,Low,,,,GMT
2025.05.29 15:00,MXN,Bank of Mexico Monetary Policy Meeting Minutes,Medium,,,,GMT
2025.05.29 15:30,USD,4-Week Bill Auction,Low,,,4.22,GMT
2025.05.29 15:30,USD,8-Week Bill Auction,Low,,,4.24,GMT
2025.05.29 16:00,SGD,Bank Loans,Low,,848.60,846.50,GMT
2025.05.29 16:00,USD,EIA Crude Oil Stocks Change,High,,,,GMT
2025.05.29 16:00,USD,EIA Cushing Crude Oil Stocks Change,Medium,,,,GMT
2025.05.29 16:00,USD,EIA Crude Oil Imports Change,Low,,,,GMT
2025.05.29 16:00,USD,EIA Distillate Fuel Production Change,Low,,,,GMT
2025.05.29 16:00,USD,EIA Distillates Stocks Change,Low,,,,GMT
2025.05.29 16:00,USD,EIA Gasoline Production Change,Low,,,,GMT
2025.05.29 16:00,USD,EIA Heating Oil Stocks Change,Low,,,,GMT
2025.05.29 16:00,USD,EIA Gasoline Stocks Change,Low,,,,GMT
2025.05.29 16:00,USD,EIA Refinery Crude Oil Daily Inputs Change,Low,,,,GMT
2025.05.29 16:00,USD,EIA Refinery Utilization Rate Change,Low,,,,GMT
2025.05.29 17:00,USD,7-Year Note Auction,Medium,,,4.12,GMT
2025.05.29 22:45,NZD,Building Consents m/m,Low,,5.90,9.60,GMT
2025.05.29 23:00,KRW,Industrial Production m/m,Low,,-1.30,2.90,GMT
2025.05.29 23:00,KRW,Industrial Production y/y,Low,,-2.20,5.30,GMT
2025.05.29 23:00,KRW,Retail Sales m/m,Low,,0.60,-0.30,GMT
2025.05.29 23:00,KRW,Index of Services m/m,Low,,0.30,-0.30,GMT
2025.05.29 23:30,JPY,Tokyo CPI y/y,Low,,3.80,3.50,GMT
2025.05.29 23:30,JPY,Tokyo CPI excl. Food and Energy y/y,High,,3.30,3.10,GMT
2025.05.29 23:30,JPY,Tokyo Core CPI y/y,Medium,,3.00,3.40,GMT
2025.05.29 23:30,JPY,Tokyo CPI s.a. m/m,Low,,,0.40,GMT
2025.05.29 23:30,JPY,Unemployment Rate,Low,,2.50,2.50,GMT
2025.05.29 23:30,JPY,Jobs to Applicants Ratio,Low,,1.25,1.26,GMT
2025.05.29 23:50,JPY,Retail Sales m/m,High,,0.00,-1.20,GMT
2025.05.29 23:50,JPY,Retail Sales y/y,Low,,3.10,3.10,GMT
2025.05.29 23:50,JPY,Large Retailer's Sales y/y,Medium,,1.10,1.70,GMT
2025.05.29 23:50,JPY,Industrial Production m/m,Medium,,-0.60,0.20,GMT
2025.05.29 23:50,JPY,Industrial Production y/y,Low,,4.70,1.00,GMT
2025.05.29 23:50,JPY,Industrial Production Forecast 1-month Ahead m/m,Low,,,1.30,GMT
2025.05.29 23:50,JPY,Industrial Production Forecast 2-month Ahead m/m,Low,,,3.90,GMT
2025.05.31 00:00,CNY,Dragon Boat Festival,None,,,,GMT
2025.05.31 00:00,HKD,Tuen Ng Festival,None,,,,GMT
2025.05.30 01:30,AUD,RBA Housing Credit m/m,Low,,,0.50,GMT
2025.05.30 01:30,AUD,RBA Private Sector Credit m/m,Low,,0.50,0.50,GMT
2025.05.30 01:30,AUD,Building Approvals m/m,Medium,,-1.80,-8.80,GMT
2025.05.30 01:30,AUD,Private House Approvals m/m,Low,,,-4.50,GMT
2025.05.30 01:30,AUD,Retail Sales m/m,Medium,,0.10,0.30,GMT
2025.05.30 05:00,JPY,Construction Orders y/y,Low,,12.30,3.50,GMT
2025.05.30 05:00,JPY,Housing Starts y/y,Low,,36.20,39.10,GMT
2025.05.30 05:00,JPY,Annualized Housing Starts,Low,,,1.08,GMT
2025.05.30 06:00,ZAR,SARB Private Sector Credit y/y,Low,,3.94,3.45,GMT
2025.05.30 06:00,ZAR,SARB M3 Money Supply y/y,Low,,4.42,5.75,GMT
2025.05.30 06:00,SEK,GDP q/q,Medium,,0.00,0.00,GMT
2025.05.30 06:00,SEK,GDP y/y,Medium,,1.10,1.10,GMT
2025.05.30 06:00,EUR,Import Price Index m/m,Low,,-0.50,-1.00,GMT
2025.05.30 06:00,EUR,Import Price Index y/y,Low,,1.20,2.10,GMT
2025.05.30 06:00,EUR,Export Price Index m/m,Low,,-0.40,-0.40,GMT
2025.05.30 06:00,EUR,Export Price Index y/y,Low,,1.80,2.00,GMT
2025.05.30 06:00,EUR,Retail Sales m/m,Medium,,0.00,0.20,GMT
2025.05.30 06:00,EUR,Retail Sales y/y,Low,,5.10,4.30,GMT
2025.05.30 07:00,CHF,KOF Economic Barometer,Medium,,100.10,97.10,GMT
2025.05.30 07:00,EUR,CPI m/m,Low,,0.40,0.60,GMT
2025.05.30 07:00,EUR,CPI y/y,Medium,,2.00,2.20,GMT
2025.05.30 07:00,EUR,HICP m/m,Low,,0.30,0.60,GMT
2025.05.30 07:00,EUR,HICP y/y,Medium,,2.10,2.20,GMT
2025.05.30 08:00,EUR,ECB M3 Money Supply y/y,Low,,3.80,3.60,GMT
2025.05.30 08:00,EUR,ECB Households Loans y/y,Medium,,1.80,1.70,GMT
2025.05.30 08:00,EUR,ECB Non-Financial Corporations Loans y/y,Low,,2.70,2.30,GMT
2025.05.30 08:00,EUR,ECB Private Sector Loans y/y,Low,,2.70,2.60,GMT
2025.05.30 08:00,NOK,NAV Unemployment Rate n.s.a.,Low,,1.90,2.00,GMT
2025.05.30 08:00,NOK,NAV Unemployment Change,Low,,77.57,78.06,GMT
2025.05.30 08:00,EUR,GDP q/q,Low,,0.30,0.30,GMT
2025.05.30 08:00,EUR,GDP y/y,Low,,0.60,0.60,GMT
2025.05.30 08:00,NOK,Norges Bank Foreign Exchange Daily Purchase,Low,,0.07,0.05,GMT
2025.05.30 08:00,EUR,Current Account,Low,,2.22,2.31,GMT
2025.05.30 08:30,HKD,HKMA M3 Money Supply y/y,Low,,8.30,7.70,GMT
2025.05.30 09:00,EUR,CPI m/m,Low,,0.10,0.10,GMT
2025.05.30 09:00,EUR,CPI y/y,Low,,1.90,1.90,GMT
2025.05.30 09:00,EUR,HICP m/m,Low,,0.10,0.40,GMT
2025.05.30 09:00,EUR,HICP y/y,Low,,2.10,2.00,GMT
2025.05.30 10:00,EUR,PPI m/m,Low,,-1.40,-2.40,GMT
2025.05.30 10:00,EUR,PPI y/y,Low,,6.60,3.90,GMT
2025.05.30 10:00,INR,Fiscal Balance,Low,,,-13.47,GMT
2025.05.30 10:00,INR,Fiscal Balance,Low,,,,GMT
2025.05.30 11:30,BRL,Nominal Budget Balance,Low,,-69.42,-71.62,GMT
2025.05.30 11:30,BRL,Primary Budget balance,Low,,82.16,3.59,GMT
2025.05.30 11:30,BRL,Net Debt - GDP Ratio,Low,,61.70,61.60,GMT
2025.05.30 11:30,INR,RBI Monetary and Credit Information Review,Medium,,,,GMT
2025.05.30 11:30,INR,Bank Loan Growth y/y,Low,,10.60,9.90,GMT
2025.05.30 11:30,INR,Deposit Growth y/y,Low,,10.10,10.00,GMT
2025.05.30 11:30,INR,Foreign Exchange Reserves,Low,,,,GMT
2025.05.30 11:30,INR,Infrastructure Output y/y,Low,,2.00,3.80,GMT
2025.05.30 12:00,MXN,Unemployment Rate,Low,,2.60,2.60,GMT
2025.05.30 12:00,MXN,Unemployment Rate n.s.a.,Low,,2.40,2.20,GMT
2025.05.30 12:00,ZAR,Trade Balance,Low,,16.15,24.77,GMT
2025.05.30 12:00,BRL,GDP q/q,Medium,,0.50,0.20,GMT
2025.05.30 12:00,BRL,GDP y/y,Medium,,2.20,3.60,GMT
2025.05.30 12:00,EUR,CPI m/m,Medium,,0.40,0.40,GMT
2025.05.30 12:00,EUR,CPI y/y,Medium,,2.20,2.10,GMT
2025.05.30 12:00,EUR,HICP m/m,Low,,0.30,0.50,GMT
2025.05.30 12:00,EUR,HICP y/y,Low,,2.00,2.20,GMT
2025.05.30 12:30,USD,Wholesale Inventories m/m,Low,,0.40,0.40,GMT
2025.05.30 12:30,USD,Goods Trade Balance,Medium,,-177.21,-161.99,GMT
2025.05.30 12:30,USD,Retail Inventories m/m,Medium,,0.10,-0.20,GMT
2025.05.30 12:30,USD,Retail Inventories excl. Autos m/m,Medium,,,0.40,GMT
2025.05.30 12:30,CAD,GDP m/m,Medium,,0.10,-0.20,GMT
2025.05.30 12:30,CAD,GDP q/q,Medium,,0.30,0.60,GMT
2025.05.30 12:30,CAD,GDP Implicit Price Index q/q,Low,,0.80,0.90,GMT
2025.05.30 12:30,CAD,GDP y/y,Medium,,1.20,1.60,GMT
2025.05.30 12:30,CAD,GDP Annualized q/q,Medium,,0.80,2.60,GMT
2025.05.30 12:30,USD,Core PCE Price Index m/m,High,,0.10,0.00,GMT
2025.05.30 12:30,USD,Core PCE Price Index y/y,High,,2.70,2.60,GMT
2025.05.30 12:30,USD,PCE Price Index m/m,Medium,,0.10,0.00,GMT
2025.05.30 12:30,USD,PCE Price Index y/y,Medium,,2.20,2.30,GMT
2025.05.30 12:30,USD,Personal Spending m/m,Medium,,0.40,0.70,GMT
2025.05.30 12:30,USD,Personal Income m/m,Low,,0.20,0.50,GMT
2025.05.30 12:30,USD,Real PCE m/m,Low,,0.30,0.70,GMT
2025.05.30 13:45,USD,MNI Chicago Business Barometer,High,,46.20,44.60,GMT
2025.05.30 14:00,USD,Michigan Consumer Sentiment,Medium,,50.80,50.80,GMT
2025.05.30 14:00,USD,Michigan Consumer Expectations,Medium,,46.50,46.50,GMT
2025.05.30 14:00,USD,Michigan Current Conditions,Low,,57.60,57.60,GMT
2025.05.30 14:00,USD,Michigan Inflation Expectations,Medium,,7.30,7.30,GMT
2025.05.30 14:00,USD,Michigan 5-Year Inflation Expectations,Medium,,4.60,4.60,GMT
2025.05.30 14:00,USD,Dallas Fed Trimmed Mean PCE Inflation Rate,Low,,2.20,1.90,GMT
2025.05.30 15:00,CAD,Budget Balance,Low,,-6.28,7.57,GMT
2025.05.30 15:00,CAD,Budget Balance, Fiscal Year,Low,,-9.59,-19.27,GMT
2025.05.30 17:00,USD,Baker Hughes US Oil Rig Count,Medium,,,,GMT
2025.05.30 17:00,USD,Baker Hughes US Total Rig Count,Medium,,,,GMT
2025.05.30 18:30,INR,Annual GDP y/y,Low,,,6.40,GMT
2025.05.30 19:30,AUD,CFTC AUD Non-Commercial Net Positions,Medium,,,,GMT
2025.05.30 19:30,BRL,CFTC BRL Non-Commercial Net Positions,Medium,,,,GMT
2025.05.30 19:30,CAD,CFTC CAD Non-Commercial Net Positions,Low,,,,GMT
2025.05.30 19:30,JPY,CFTC JPY Non-Commercial Net Positions,Medium,,,,GMT
2025.05.30 19:30,MXN,CFTC MXN Non-Commercial Net Positions,Low,,,,GMT
2025.05.30 19:30,NZD,CFTC NZD Non-Commercial Net Positions,Low,,,,GMT
2025.05.30 19:30,ZAR,CFTC ZAR Non-Commercial Net Positions,Low,,,,GMT
2025.05.30 19:30,CHF,CFTC CHF Non-Commercial Net Positions,Low,,,,GMT
2025.05.30 19:30,GBP,CFTC GBP Non-Commercial Net Positions,Medium,,,,GMT
2025.05.30 19:30,USD,CFTC Copper Non-Commercial Net Positions,Low,,,,GMT
2025.05.30 19:30,USD,CFTC Silver Non-Commercial Net Positions,Low,,,,GMT
2025.05.30 19:30,USD,CFTC Gold Non-Commercial Net Positions,Medium,,,,GMT
2025.05.30 19:30,USD,CFTC Crude Oil Non-Commercial Net Positions,Medium,,,,GMT
2025.05.30 19:30,USD,CFTC S&P 500 Non-Commercial Net Positions,Medium,,,,GMT
2025.05.30 19:30,USD,CFTC Aluminium Non-Commercial Net Positions,Low,,,,GMT
2025.05.30 19:30,USD,CFTC Corn Non-Commercial Net Positions,Low,,,,GMT
2025.05.30 19:30,USD,CFTC Natural Gas Non-Commercial Net Positions,Low,,,,GMT
2025.05.30 19:30,USD,CFTC Soybeans Non-Commercial Net Positions,Low,,,,GMT
2025.05.30 19:30,USD,CFTC Wheat Non-Commercial Net Positions,Low,,,,GMT
2025.05.30 19:30,USD,CFTC Nasdaq 100 Non-Commercial Net Positions,Medium,,,,GMT
2025.05.30 19:30,EUR,CFTC EUR Non-Commercial Net Positions,Medium,,,,GMT
2025.05.30 20:30,MXN,Fiscal Balance,Low,,-0.90,-24.60,GMT
2025.05.31 01:00,CNY,Manufacturing PMI,High,,50.00,49.00,GMT
2025.05.31 01:00,CNY,Non-Manufacturing PMI,Medium,,50.00,50.40,GMT
2025.05.31 01:00,CNY,Composite PMI,Medium,,,50.20,GMT
